Age,Attrition,BusinessTravel,DailyRate,Department,DistanceHome,Education,HourlyRate,JobRole,YearsAtCompany,YearsInCurrentRole,YearsSinceLastPromotion,YearsWithCurrManager
41,1,Travel Rarely,1102,Sales,1,2,94,Sales Executive,6,4,0,5
49,0,Travel Frequently,279,Research & Development,8,1,61,Research Scientist,10,7,1,7
37,1,Travel Rarely,1373,Research & Development,2,2,92,Laboratory Technician,0,0,0,0
33,0,Travel Frequently,1392,Research & Development,3,4,56,Research Scientist,8,7,3,0
27,0,Travel Rarely,591,Research & Development,2,1,40,Laboratory Technician,2,2,2,2
32,0,Travel Frequently,1005,Research & Development,2,2,79,Laboratory Technician,7,7,3,6
59,0,Travel Rarely,1324,Research & Development,3,3,81,Laboratory Technician,1,0,0,0
30,0,Travel Rarely,1358,Research & Development,24,1,67,Laboratory Technician,1,0,0,0
38,0,Travel Frequently,216,Research & Development,23,3,44,Manufacturing Director,9,7,1,8
36,0,Travel Rarely,1299,Research & Development,27,3,94,Healthcare Representative,7,7,7,7
35,0,Travel Rarely,809,Research & Development,16,3,84,Laboratory Technician,5,4,0,3
29,0,Travel Rarely,153,Research & Development,15,2,49,Laboratory Technician,9,5,0,8
31,0,Travel Rarely,670,Research & Development,26,1,31,Research Scientist,5,2,4,3
34,0,Travel Rarely,1346,Research & Development,19,2,93,Laboratory Technician,2,2,1,2
28,1,Travel Rarely,103,Research & Development,24,3,50,Laboratory Technician,4,2,0,3
29,0,Travel Rarely,1389,Research & Development,21,4,51,Manufacturing Director,10,9,8,8
32,0,Travel Rarely,334,Research & Development,5,2,80,Research Scientist,6,2,0,5
22,0,Non-Travel,1123,Research & Development,16,2,96,Laboratory Technician,1,0,0,0
53,0,Travel Rarely,1219,Sales,2,4,78,Manager,25,8,3,7
38,0,Travel Rarely,371,Research & Development,2,3,45,Research Scientist,3,2,1,2
24,0,Non-Travel,673,Research & Development,11,2,96,Manufacturing Director,4,2,1,3
36,1,Travel Rarely,1218,Sales,9,4,82,Sales Representative,5,3,0,3
34,0,Travel Rarely,419,Research & Development,7,4,53,Research Director,12,6,2,11
21,0,Travel Rarely,391,Research & Development,15,2,96,Research Scientist,0,0,0,0
34,1,Travel Rarely,699,Research & Development,6,1,83,Research Scientist,4,2,1,3
53,0,Travel Rarely,1282,Research & Development,5,3,58,Manager,14,13,4,8
32,1,Travel Frequently,1125,Research & Development,16,1,72,Research Scientist,10,2,6,7
42,0,Travel Rarely,691,Sales,8,4,48,Sales Executive,9,7,4,2
44,0,Travel Rarely,477,Research & Development,7,4,42,Healthcare Representative,22,6,5,17
46,0,Travel Rarely,705,Sales,2,4,83,Manager,2,2,2,1
33,0,Travel Rarely,924,Research & Development,2,3,78,Laboratory Technician,1,1,0,0
44,0,Travel Rarely,1459,Research & Development,10,4,41,Healthcare Representative,4,2,1,3
30,0,Travel Rarely,125,Research & Development,9,2,83,Laboratory Technician,10,0,1,8
39,1,Travel Rarely,895,Sales,5,3,56,Sales Representative,1,0,0,0
24,1,Travel Rarely,813,Research & Development,1,3,61,Research Scientist,2,0,2,0
43,0,Travel Rarely,1273,Research & Development,2,2,72,Research Scientist,5,3,1,4
50,1,Travel Rarely,869,Sales,3,2,86,Sales Representative,3,2,0,2
35,0,Travel Rarely,890,Sales,2,3,97,Sales Representative,2,2,2,2
36,0,Travel Rarely,852,Research & Development,5,4,82,Research Scientist,1,1,0,0
33,0,Travel Frequently,1141,Sales,1,3,42,Sales Executive,5,3,1,3
35,0,Travel Rarely,464,Research & Development,4,2,75,Laboratory Technician,1,0,0,0
27,0,Travel Rarely,1240,Research & Development,2,4,33,Laboratory Technician,1,0,0,0
26,1,Travel Rarely,1357,Research & Development,25,3,48,Laboratory Technician,1,0,0,1
27,0,Travel Frequently,994,Sales,8,3,37,Sales Executive,9,8,1,7
30,0,Travel Frequently,721,Research & Development,1,2,58,Laboratory Technician,12,8,3,7
41,1,Travel Rarely,1360,Research & Development,12,3,49,Research Director,22,15,15,8
34,0,Non-Travel,1065,Sales,23,4,72,Sales Executive,9,5,8,7
37,0,Travel Rarely,408,Research & Development,19,2,73,Research Scientist,1,0,0,0
46,0,Travel Frequently,1211,Sales,5,4,98,Sales Executive,9,6,0,8
35,0,Travel Rarely,1229,Research & Development,8,1,36,Laboratory Technician,1,0,0,1
48,1,Travel Rarely,626,Research & Development,1,2,98,Laboratory Technician,1,0,0,0
28,1,Travel Rarely,1434,Research & Development,5,4,50,Laboratory Technician,2,2,2,2
44,0,Travel Rarely,1488,Sales,1,5,75,Sales Executive,4,3,1,3
35,0,Non-Travel,1097,Research & Development,11,2,79,Healthcare Representative,4,0,2,3
26,0,Travel Rarely,1443,Sales,23,3,47,Sales Executive,2,2,0,0
33,0,Travel Frequently,515,Research & Development,1,2,98,Research Director,15,14,8,12
35,0,Travel Frequently,853,Sales,18,5,71,Sales Executive,9,8,1,8
35,0,Travel Rarely,1142,Research & Development,23,4,30,Laboratory Technician,2,2,2,2
31,0,Travel Rarely,655,Research & Development,7,4,48,Laboratory Technician,7,7,1,7
37,0,Travel Rarely,1115,Research & Development,1,4,51,Manufacturing Director,7,5,0,7
32,0,Travel Rarely,427,Research & Development,1,3,33,Manufacturing Director,9,8,7,8
38,0,Travel Frequently,653,Research & Development,29,5,50,Laboratory Technician,10,3,9,9
50,0,Travel Rarely,989,Research & Development,7,2,43,Research Director,27,3,13,8
59,0,Travel Rarely,1435,Sales,25,3,99,Sales Executive,21,16,7,9
36,0,Travel Rarely,1223,Research & Development,8,3,59,Healthcare Representative,17,14,12,8
55,0,Travel Rarely,836,Research & Development,8,3,33,Manager,5,0,0,2
36,0,Travel Frequently,1195,Research & Development,11,3,95,Manufacturing Director,6,5,0,3
45,0,Travel Rarely,1339,Research & Development,7,3,59,Research Scientist,1,0,0,0
35,0,Travel Frequently,664,Research & Development,1,3,79,Research Scientist,3,2,1,2
36,1,Travel Rarely,318,Research & Development,9,3,79,Research Scientist,1,0,0,0
59,0,Travel Frequently,1225,Sales,1,1,57,Sales Executive,4,3,1,3
29,0,Travel Rarely,1328,Research & Development,2,3,76,Research Scientist,5,4,0,4
31,0,Travel Rarely,1082,Research & Development,1,4,87,Research Scientist,1,1,1,0
32,0,Travel Rarely,548,Research & Development,1,3,66,Research Scientist,10,4,0,9
36,0,Travel Rarely,132,Research & Development,6,3,55,Laboratory Technician,1,0,0,0
31,0,Travel Rarely,746,Research & Development,8,4,61,Manufacturing Director,11,7,1,8
35,0,Travel Rarely,776,Sales,1,4,32,Sales Executive,15,13,2,8
45,0,Travel Rarely,193,Research & Development,6,4,52,Research Director,0,0,0,0
37,0,Travel Rarely,397,Research & Development,7,4,30,Research Director,5,2,0,2
46,0,Travel Rarely,945,Human Resources,5,2,80,Human Resources,4,2,0,2
30,0,Travel Rarely,852,Research & Development,1,1,55,Laboratory Technician,10,8,3,0
35,0,Travel Rarely,1214,Research & Development,1,3,30,Research Scientist,6,4,0,4
55,0,Travel Rarely,111,Sales,1,2,70,Sales Executive,1,0,1,0
38,0,Non-Travel,573,Research & Development,6,3,79,Research Scientist,13,11,1,9
34,0,Travel Rarely,1153,Research & Development,1,2,94,Manufacturing Director,5,2,1,3
56,0,Travel Rarely,1400,Research & Development,7,3,49,Manufacturing Director,6,4,0,2
23,0,Travel Rarely,541,Sales,2,1,62,Sales Representative,0,0,0,0
51,0,Travel Rarely,432,Research & Development,9,4,96,Laboratory Technician,4,2,0,3
30,0,Travel Rarely,288,Research & Development,2,3,99,Healthcare Representative,11,10,10,8
46,1,Travel Rarely,669,Sales,9,2,64,Sales Executive,9,8,4,7
40,0,Travel Frequently,530,Research & Development,1,4,78,Healthcare Representative,22,3,11,11
51,0,Travel Rarely,632,Sales,21,4,71,Sales Executive,10,7,1,0
30,0,Travel Rarely,1334,Sales,4,2,63,Sales Executive,11,8,2,7
46,0,Travel Frequently,638,Research & Development,1,3,40,Healthcare Representative,10,9,9,5
32,0,Travel Rarely,1093,Sales,6,4,87,Sales Executive,11,8,5,7
54,0,Travel Rarely,1217,Research & Development,2,4,60,Research Director,4,3,0,3
24,0,Travel Rarely,1353,Sales,3,2,33,Sales Executive,3,2,0,2
28,0,Non-Travel,120,Sales,4,3,43,Sales Executive,5,4,0,4
58,0,Travel Rarely,682,Sales,10,4,37,Sales Executive,37,10,1,8
44,0,Non-Travel,489,Research & Development,23,3,67,Laboratory Technician,3,2,1,2
37,1,Travel Rarely,807,Human Resources,6,4,63,Human Resources,3,2,0,2
32,0,Travel Rarely,827,Research & Development,1,1,71,Research Scientist,1,0,0,0
20,1,Travel Frequently,871,Research & Development,6,3,66,Laboratory Technician,1,0,1,0
34,0,Travel Rarely,665,Research & Development,6,4,41,Research Scientist,16,13,2,10
37,0,Non-Travel,1040,Research & Development,2,2,100,Healthcare Representative,1,0,0,0
59,0,Non-Travel,1420,Human Resources,2,4,32,Manager,3,2,2,2
50,0,Travel Frequently,1115,Research & Development,1,3,73,Research Director,8,3,0,7
25,1,Travel Rarely,240,Sales,5,3,46,Sales Executive,6,4,0,3
25,0,Travel Rarely,1280,Research & Development,7,1,64,Research Scientist,2,2,2,1
22,0,Travel Rarely,534,Research & Development,15,3,59,Laboratory Technician,0,0,0,0
51,0,Travel Frequently,1456,Research & Development,1,4,30,Healthcare Representative,13,12,12,8
34,1,Travel Frequently,658,Research & Development,7,3,66,Laboratory Technician,9,7,0,6
54,0,Non-Travel,142,Human Resources,26,3,30,Manager,5,3,4,4
24,0,Travel Rarely,1127,Research & Development,18,1,52,Laboratory Technician,5,3,1,2
34,0,Travel Rarely,1031,Research & Development,6,4,45,Research Scientist,1,0,0,0
37,0,Travel Rarely,1189,Sales,3,3,87,Sales Executive,5,3,1,3
34,0,Travel Rarely,1354,Research & Development,5,3,45,Manager,11,10,5,8
36,0,Travel Frequently,1467,Sales,11,2,92,Sales Executive,9,7,2,8
36,0,Travel Rarely,922,Research & Development,3,2,39,Laboratory Technician,1,0,0,0
43,0,Travel Frequently,394,Sales,26,2,92,Manager,25,12,4,12
30,0,Travel Frequently,1312,Research & Development,23,3,96,Research Scientist,10,7,0,9
33,0,Non-Travel,750,Sales,22,2,95,Sales Executive,7,7,0,7
56,1,Travel Rarely,441,Research & Development,14,4,72,Research Scientist,5,4,4,3
51,0,Travel Rarely,684,Research & Development,6,3,51,Research Director,20,18,15,15
31,1,Travel Rarely,249,Sales,6,4,76,Sales Executive,7,7,7,7
26,0,Travel Rarely,841,Research & Development,6,3,46,Research Scientist,5,4,4,3
58,1,Travel Rarely,147,Research & Development,23,4,94,Healthcare Representative,40,10,15,6
19,1,Travel Rarely,528,Sales,22,1,50,Sales Representative,0,0,0,0
22,0,Travel Rarely,594,Research & Development,2,1,100,Laboratory Technician,2,1,2,1
49,0,Travel Rarely,470,Research & Development,20,4,96,Manufacturing Director,15,11,5,11
43,0,Travel Frequently,957,Research & Development,28,3,72,Research Scientist,3,2,1,2
50,0,Travel Frequently,809,Sales,12,3,77,Sales Executive,2,2,2,1
31,1,Travel Rarely,542,Sales,20,3,71,Sales Executive,2,2,2,2
41,0,Travel Rarely,802,Sales,9,1,96,Sales Executive,9,7,0,7
26,0,Travel Rarely,1355,Human Resources,25,1,61,Human Resources,8,7,5,7
36,0,Travel Rarely,216,Research & Development,6,2,84,Manufacturing Director,3,2,0,1
51,1,Travel Frequently,1150,Research & Development,8,4,53,Manufacturing Director,4,2,0,3
39,0,Travel Rarely,1329,Sales,4,4,47,Sales Executive,15,11,5,9
25,0,Travel Rarely,959,Sales,28,3,41,Sales Executive,2,2,2,2
30,0,Travel Rarely,1240,Human Resources,9,3,48,Human Resources,11,9,4,7
32,1,Travel Rarely,1033,Research & Development,9,3,41,Laboratory Technician,5,4,0,4
45,0,Travel Rarely,1316,Research & Development,29,3,83,Research Scientist,6,5,0,3
38,0,Travel Rarely,364,Research & Development,3,5,32,Research Scientist,3,2,2,2
30,0,Travel Rarely,438,Research & Development,18,3,75,Research Scientist,5,4,0,4
32,0,Travel Frequently,689,Sales,9,2,35,Sales Executive,8,7,0,7
30,0,Travel Rarely,201,Research & Development,5,3,84,Research Scientist,3,2,2,2
30,0,Travel Rarely,1427,Research & Development,2,1,35,Laboratory Technician,5,3,1,2
41,0,Travel Frequently,857,Research & Development,10,3,91,Manager,7,6,7,7
41,0,Travel Rarely,933,Research & Development,9,4,94,Laboratory Technician,5,0,1,4
19,0,Travel Rarely,1181,Research & Development,3,1,79,Laboratory Technician,1,0,0,0
40,0,Travel Frequently,1395,Research & Development,26,3,54,Research Scientist,20,7,2,13
35,0,Travel Rarely,662,Sales,1,5,94,Sales Executive,10,8,0,6
53,0,Travel Rarely,1436,Sales,6,2,34,Sales Representative,7,7,4,5
45,0,Travel Rarely,194,Research & Development,9,3,60,Laboratory Technician,17,9,0,15
32,0,Travel Frequently,967,Sales,8,3,43,Sales Executive,9,8,3,7
29,0,Non-Travel,1496,Research & Development,1,1,41,Manufacturing Director,10,7,0,9
51,0,Travel Rarely,1169,Research & Development,7,4,34,Manufacturing Director,1,0,0,0
58,0,Travel Rarely,1145,Research & Development,9,3,75,Research Scientist,1,0,0,0
40,0,Travel Rarely,630,Sales,4,4,67,Sales Executive,12,11,2,11
34,0,Travel Frequently,303,Sales,2,4,75,Sales Representative,4,3,1,2
22,0,Travel Rarely,1256,Research & Development,19,1,80,Research Scientist,2,2,2,2
27,0,Non-Travel,691,Research & Development,9,3,57,Research Scientist,2,2,2,2
28,0,Travel Rarely,440,Research & Development,21,3,42,Research Scientist,5,2,0,2
57,0,Travel Rarely,334,Research & Development,24,2,83,Healthcare Representative,5,3,1,4
27,0,Non-Travel,1450,Research & Development,3,3,79,Research Scientist,1,1,0,1
50,0,Travel Rarely,1452,Research & Development,11,3,53,Manager,5,4,4,4
41,0,Travel Rarely,465,Research & Development,14,3,56,Research Scientist,9,8,1,8
30,0,Travel Rarely,1339,Sales,5,3,41,Sales Executive,10,9,7,4
38,0,Travel Rarely,702,Sales,1,4,59,Sales Executive,8,3,0,7
32,0,Travel Rarely,120,Research & Development,6,5,43,Research Scientist,5,4,1,4
27,0,Travel Rarely,1157,Research & Development,17,3,51,Research Scientist,5,2,1,1
19,1,Travel Frequently,602,Sales,1,1,100,Sales Representative,0,0,0,0
36,0,Travel Frequently,1480,Research & Development,3,2,30,Laboratory Technician,8,7,7,2
30,0,Non-Travel,111,Research & Development,9,3,66,Laboratory Technician,12,9,6,10
45,0,Travel Rarely,1268,Sales,4,2,30,Sales Executive,5,4,0,3
56,0,Travel Rarely,713,Research & Development,8,3,67,Research Scientist,2,2,2,2
33,0,Travel Rarely,134,Research & Development,2,3,90,Research Scientist,3,1,0,2
19,1,Travel Rarely,303,Research & Development,2,3,47,Laboratory Technician,1,0,1,0
46,0,Travel Rarely,526,Sales,1,2,92,Sales Executive,24,13,15,7
38,0,Travel Rarely,1380,Research & Development,9,2,75,Laboratory Technician,2,2,2,1
31,0,Travel Rarely,140,Research & Development,12,1,95,Research Scientist,4,2,0,2
34,0,Travel Rarely,629,Research & Development,27,2,95,Research Scientist,3,2,1,2
41,1,Travel Rarely,1356,Sales,20,2,70,Sales Representative,4,3,0,2
50,0,Travel Rarely,328,Research & Development,1,3,86,Laboratory Technician,3,2,0,2
53,0,Travel Rarely,1084,Research & Development,13,2,57,Manufacturing Director,4,2,1,3
33,0,Travel Rarely,931,Research & Development,14,3,72,Research Scientist,8,7,1,6
40,0,Travel Rarely,989,Research & Development,4,1,46,Manager,20,8,9,9
55,0,Travel Rarely,692,Research & Development,14,4,61,Research Director,24,15,2,15
34,0,Travel Frequently,1069,Research & Development,2,1,45,Manufacturing Director,10,9,1,9
51,0,Travel Rarely,313,Research & Development,3,3,98,Healthcare Representative,7,7,1,0
52,0,Travel Rarely,699,Research & Development,1,4,65,Manager,33,18,11,9
27,0,Travel Rarely,894,Research & Development,9,3,99,Research Scientist,7,7,0,3
35,1,Travel Rarely,556,Research & Development,23,2,50,Manufacturing Director,1,0,0,1
43,0,Non-Travel,1344,Research & Development,7,3,37,Research Scientist,5,4,2,2
45,0,Non-Travel,1195,Research & Development,2,2,65,Manager,20,8,11,8
37,0,Travel Rarely,290,Research & Development,21,3,65,Research Scientist,8,7,1,7
35,0,Travel Frequently,138,Research & Development,2,3,37,Laboratory Technician,6,2,1,2
42,0,Non-Travel,926,Research & Development,21,2,36,Manufacturing Director,5,3,0,2
38,0,Travel Rarely,1261,Research & Development,2,4,88,Manufacturing Director,1,0,0,0
38,0,Travel Rarely,1084,Research & Development,29,3,54,Manufacturing Director,7,7,1,7
27,0,Travel Frequently,472,Research & Development,1,1,60,Manufacturing Director,2,2,2,0
49,0,Non-Travel,1002,Research & Development,18,4,92,Manufacturing Director,7,7,1,7
34,0,Travel Frequently,878,Research & Development,10,4,43,Research Scientist,5,3,2,0
40,0,Travel Rarely,905,Research & Development,19,2,99,Laboratory Technician,7,2,3,7
38,1,Travel Rarely,1180,Research & Development,29,1,70,Healthcare Representative,1,0,0,0
29,1,Travel Rarely,121,Sales,27,3,35,Sales Executive,10,4,1,9
22,0,Travel Rarely,1136,Research & Development,5,3,60,Research Scientist,4,2,2,2
36,0,Travel Frequently,635,Research & Development,18,1,73,Laboratory Technician,8,1,1,7
40,0,Non-Travel,1151,Research & Development,9,5,63,Healthcare Representative,3,2,0,2
46,0,Travel Rarely,644,Research & Development,1,4,97,Healthcare Representative,4,2,0,3
32,1,Travel Rarely,1045,Sales,4,4,32,Sales Executive,14,8,9,8
30,0,Non-Travel,829,Research & Development,1,1,88,Manufacturing Director,11,8,5,8
27,0,Travel Frequently,1242,Sales,20,3,90,Sales Executive,7,7,0,7
51,0,Travel Rarely,1469,Research & Development,8,4,81,Research Director,10,9,4,7
30,1,Travel Rarely,1005,Research & Development,3,3,88,Research Scientist,5,2,0,4
41,0,Travel Rarely,896,Sales,6,3,75,Manager,1,0,0,0
30,1,Travel Frequently,334,Sales,26,4,52,Sales Executive,6,3,0,1
29,1,Travel Rarely,992,Research & Development,1,3,85,Research Scientist,6,2,1,5
45,0,Non-Travel,1052,Sales,6,3,57,Sales Executive,19,7,12,8
54,0,Travel Rarely,1147,Sales,3,3,52,Sales Executive,6,2,0,5
36,0,Travel Rarely,1396,Research & Development,5,2,62,Laboratory Technician,13,11,3,7
33,0,Travel Rarely,147,Research & Development,4,4,47,Research Scientist,3,2,1,1
37,0,Travel Frequently,663,Research & Development,11,3,47,Research Director,10,8,0,7
38,0,Travel Rarely,119,Sales,3,3,76,Sales Executive,16,10,5,13
31,0,Non-Travel,979,Research & Development,1,4,90,Manufacturing Director,5,4,1,4
59,0,Travel Rarely,142,Research & Development,3,3,70,Research Scientist,1,0,0,0
37,0,Travel Frequently,319,Sales,4,4,41,Sales Representative,9,8,5,8
29,0,Travel Frequently,1413,Sales,1,1,42,Sales Executive,11,10,4,1
35,0,Travel Frequently,944,Sales,1,3,92,Sales Executive,10,7,0,8
29,1,Travel Rarely,896,Research & Development,18,1,86,Research Scientist,4,3,0,1
52,0,Travel Rarely,1323,Research & Development,2,3,89,Laboratory Technician,2,2,2,2
42,0,Travel Rarely,532,Research & Development,4,2,58,Manager,22,17,11,15
59,0,Travel Rarely,818,Human Resources,6,2,52,Human Resources,2,2,2,2
50,0,Travel Rarely,854,Sales,1,4,68,Manager,7,0,0,6
33,1,Travel Rarely,813,Research & Development,14,3,58,Laboratory Technician,5,4,0,4
43,0,Travel Rarely,1034,Sales,16,3,80,Manager,17,13,1,9
33,1,Travel Rarely,465,Research & Development,2,2,39,Laboratory Technician,9,7,1,7
52,0,Non-Travel,771,Sales,2,4,79,Manager,33,7,15,12
32,0,Travel Rarely,1401,Sales,4,2,56,Sales Representative,4,3,1,2
32,1,Travel Rarely,515,Research & Development,1,3,62,Laboratory Technician,3,2,1,2
39,0,Travel Rarely,1431,Research & Development,1,4,96,Laboratory Technician,3,2,1,2
32,0,Non-Travel,976,Sales,26,4,100,Sales Executive,3,2,2,2
41,0,Travel Rarely,1411,Research & Development,19,2,36,Research Scientist,1,0,0,0
40,0,Travel Rarely,1300,Research & Development,24,2,62,Research Scientist,9,8,4,7
45,0,Travel Rarely,252,Research & Development,1,3,70,Manager,24,0,1,7
31,0,Travel Frequently,1327,Research & Development,3,4,73,Research Director,2,2,2,2
33,0,Travel Rarely,832,Research & Development,5,4,63,Research Scientist,2,2,0,2
34,0,Travel Rarely,470,Research & Development,2,4,84,Manufacturing Director,11,9,5,9
37,0,Travel Rarely,1017,Research & Development,1,2,83,Research Scientist,3,1,0,2
45,0,Travel Frequently,1199,Research & Development,7,4,77,Manufacturing Director,3,2,0,2
37,1,Travel Frequently,504,Research & Development,10,3,61,Manufacturing Director,1,0,0,0
39,0,Travel Frequently,505,Research & Development,2,4,64,Healthcare Representative,19,6,11,8
29,0,Travel Rarely,665,Research & Development,15,3,60,Research Scientist,6,5,1,5
42,0,Travel Rarely,916,Research & Development,17,2,82,Research Scientist,3,2,0,2
29,0,Travel Rarely,1247,Sales,20,2,45,Sales Executive,3,2,0,2
25,0,Travel Rarely,685,Research & Development,1,3,62,Manufacturing Director,4,2,1,2
42,0,Travel Rarely,269,Research & Development,2,3,56,Laboratory Technician,9,6,7,8
40,0,Travel Rarely,1416,Research & Development,2,2,49,Research Director,21,7,3,9
51,0,Travel Rarely,833,Research & Development,1,3,96,Research Scientist,1,0,0,0
31,1,Travel Frequently,307,Research & Development,29,2,71,Laboratory Technician,5,4,1,4
32,0,Travel Frequently,1311,Research & Development,7,3,100,Laboratory Technician,5,1,0,3
38,0,Non-Travel,1327,Sales,2,2,39,Sales Executive,8,7,7,5
32,0,Travel Rarely,128,Research & Development,2,1,84,Laboratory Technician,6,2,0,4
46,0,Travel Rarely,488,Sales,2,3,75,Manager,7,7,7,7
28,1,Travel Rarely,529,Research & Development,2,4,79,Laboratory Technician,0,0,0,0
29,0,Travel Rarely,1210,Sales,2,3,78,Sales Executive,0,0,0,0
31,0,Travel Rarely,1463,Research & Development,23,3,64,Healthcare Representative,9,0,7,8
25,0,Non-Travel,675,Research & Development,5,2,85,Healthcare Representative,6,3,1,5
45,0,Travel Rarely,1385,Research & Development,20,2,79,Healthcare Representative,20,7,4,10
36,0,Travel Rarely,1403,Research & Development,6,3,47,Laboratory Technician,15,13,10,11
55,0,Travel Rarely,452,Research & Development,1,3,81,Manager,36,10,4,13
47,1,Non-Travel,666,Research & Development,29,4,88,Manager,10,7,9,9
28,0,Travel Rarely,1158,Research & Development,9,3,94,Research Scientist,5,2,0,4
37,0,Travel Rarely,228,Sales,6,4,98,Sales Executive,5,4,0,1
21,0,Travel Rarely,996,Research & Development,3,2,100,Research Scientist,3,2,1,0
37,0,Non-Travel,728,Research & Development,1,4,80,Research Director,5,2,0,2
35,0,Travel Rarely,1315,Research & Development,22,3,71,Manager,7,7,6,2
38,0,Travel Rarely,322,Sales,7,2,44,Sales Executive,8,0,7,7
26,0,Travel Frequently,1479,Research & Development,1,3,84,Manufacturing Director,6,5,1,4
50,0,Travel Rarely,797,Research & Development,4,1,96,Research Director,10,4,1,6
53,0,Travel Rarely,1070,Research & Development,3,4,45,Research Director,5,3,1,3
42,0,Travel Rarely,635,Sales,1,1,99,Sales Executive,20,16,11,6
29,0,Travel Frequently,442,Sales,2,2,44,Sales Executive,10,7,0,9
55,0,Travel Rarely,147,Research & Development,20,2,37,Laboratory Technician,10,7,0,8
26,0,Travel Frequently,496,Research & Development,11,2,60,Healthcare Representative,5,3,3,3
37,0,Travel Rarely,1372,Research & Development,1,3,42,Research Scientist,17,12,5,7
44,1,Travel Frequently,920,Research & Development,24,3,43,Laboratory Technician,1,0,0,0
38,0,Travel Rarely,688,Research & Development,23,4,82,Healthcare Representative,2,2,1,2
26,1,Travel Rarely,1449,Research & Development,16,4,45,Laboratory Technician,3,2,0,2
28,0,Travel Rarely,1117,Research & Development,8,2,66,Research Scientist,5,3,0,2
49,0,Travel Frequently,636,Research & Development,10,4,35,Research Director,3,2,1,2
36,0,Travel Rarely,506,Research & Development,3,3,30,Research Scientist,8,0,7,7
31,0,Travel Frequently,444,Sales,5,3,84,Sales Representative,2,2,2,2
26,1,Travel Rarely,950,Sales,4,4,48,Sales Executive,8,7,7,4
37,0,Travel Frequently,889,Research & Development,9,3,53,Research Scientist,4,2,1,2
42,0,Travel Frequently,555,Sales,26,3,77,Sales Executive,20,4,4,8
18,1,Travel Rarely,230,Research & Development,3,3,54,Laboratory Technician,0,0,0,0
35,0,Travel Rarely,1232,Sales,16,3,96,Sales Executive,11,9,6,9
36,0,Travel Frequently,566,Research & Development,18,4,81,Laboratory Technician,1,0,0,0
51,0,Travel Rarely,1302,Research & Development,2,3,84,Manufacturing Director,4,1,1,2
41,0,Travel Rarely,334,Sales,2,4,88,Manager,22,10,0,4
18,0,Travel Rarely,812,Sales,10,3,69,Sales Representative,0,0,0,0
28,0,Travel Rarely,1476,Research & Development,16,2,68,Healthcare Representative,8,3,0,7
31,0,Travel Rarely,218,Sales,7,3,100,Sales Executive,8,7,7,7
39,0,Travel Rarely,1132,Research & Development,1,3,48,Healthcare Representative,18,10,3,7
36,0,Non-Travel,1105,Research & Development,24,4,47,Laboratory Technician,9,8,0,8
32,0,Travel Rarely,906,Sales,7,3,91,Sales Executive,13,8,4,8
38,0,Travel Rarely,849,Research & Development,25,2,81,Research Director,10,8,0,1
58,0,Non-Travel,390,Research & Development,1,4,32,Healthcare Representative,5,3,1,2
31,0,Travel Rarely,691,Research & Development,5,4,86,Research Scientist,5,2,0,3
31,0,Travel Rarely,106,Human Resources,2,3,62,Human Resources,2,2,1,0
45,0,Travel Frequently,1249,Research & Development,7,3,97,Laboratory Technician,24,9,9,11
31,0,Travel Rarely,192,Research & Development,2,4,32,Research Scientist,2,2,2,2
33,0,Travel Frequently,553,Research & Development,5,4,74,Manager,10,6,8,8
39,0,Travel Rarely,117,Research & Development,10,1,99,Manager,21,9,11,10
43,0,Travel Frequently,185,Research & Development,10,4,33,Laboratory Technician,8,7,1,7
49,0,Travel Rarely,1091,Research & Development,1,2,90,Healthcare Representative,7,1,0,7
52,1,Travel Rarely,723,Research & Development,8,4,85,Research Scientist,8,2,7,7
27,0,Travel Rarely,1220,Research & Development,5,3,85,Research Scientist,4,3,1,2
32,0,Travel Rarely,588,Sales,8,2,65,Sales Executive,13,12,11,9
27,0,Travel Rarely,1377,Sales,2,3,74,Sales Executive,5,4,0,4
31,0,Travel Rarely,691,Sales,7,3,73,Sales Executive,7,7,1,7
32,0,Travel Rarely,1018,Research & Development,2,4,74,Research Scientist,7,7,0,7
28,1,Travel Rarely,1157,Research & Development,2,4,84,Research Scientist,3,2,2,2
30,0,Travel Rarely,1275,Research & Development,28,2,64,Research Scientist,10,8,1,9
31,0,Travel Frequently,798,Research & Development,7,2,48,Manufacturing Director,10,9,8,9
39,0,Travel Frequently,672,Research & Development,7,2,54,Manager,21,9,13,3
39,1,Travel Rarely,1162,Sales,3,2,41,Sales Executive,1,0,0,0
33,0,Travel Frequently,508,Sales,10,3,46,Sales Executive,7,7,0,1
47,0,Travel Rarely,1482,Research & Development,5,5,42,Research Director,3,2,1,1
43,0,Travel Frequently,559,Research & Development,10,4,82,Laboratory Technician,9,7,0,0
27,0,Non-Travel,210,Sales,1,1,73,Sales Executive,5,4,1,4
54,0,Travel Frequently,928,Research & Development,20,4,31,Research Scientist,4,3,0,3
43,0,Travel Rarely,1001,Research & Development,7,3,43,Healthcare Representative,1,0,0,0
45,0,Travel Rarely,549,Research & Development,8,4,75,Research Scientist,10,9,9,8
40,0,Travel Rarely,1124,Sales,1,2,57,Sales Executive,4,3,0,2
29,1,Travel Rarely,318,Research & Development,8,4,77,Laboratory Technician,7,7,0,7
29,0,Travel Rarely,738,Research & Development,9,5,30,Laboratory Technician,3,2,2,2
30,0,Travel Rarely,570,Sales,5,3,30,Sales Executive,10,9,1,2
27,0,Travel Rarely,1130,Sales,8,4,56,Sales Executive,8,7,0,7
37,0,Travel Rarely,1192,Research & Development,5,2,61,Manufacturing Director,6,2,0,4
38,0,Travel Rarely,343,Research & Development,15,2,92,Research Director,11,10,2,9
31,0,Travel Rarely,1232,Research & Development,7,4,39,Manufacturing Director,11,9,4,10
29,0,Travel Rarely,144,Sales,10,1,39,Sales Executive,7,7,1,7
35,0,Travel Rarely,1296,Research & Development,5,4,62,Manufacturing Director,16,6,0,13
23,0,Travel Rarely,1309,Research & Development,26,1,83,Research Scientist,4,2,0,2
41,0,Travel Rarely,483,Research & Development,6,3,95,Manufacturing Director,5,4,1,2
47,0,Travel Frequently,1309,Sales,4,1,99,Sales Representative,0,0,0,0
42,0,Travel Rarely,810,Research & Development,23,5,44,Research Director,1,0,0,0
29,0,Non-Travel,746,Sales,2,3,61,Sales Executive,4,3,0,2
42,0,Travel Rarely,544,Human Resources,2,1,52,Human Resources,3,2,1,0
32,0,Travel Rarely,1062,Research & Development,2,3,75,Laboratory Technician,8,0,0,7
48,0,Travel Rarely,530,Sales,29,1,91,Manager,0,0,0,0
37,0,Travel Rarely,1319,Research & Development,6,3,51,Research Scientist,7,7,6,7
30,0,Non-Travel,641,Sales,25,2,85,Sales Executive,2,2,2,2
26,0,Travel Rarely,933,Sales,1,3,57,Sales Executive,8,7,7,7
42,0,Travel Rarely,1332,Research & Development,2,4,98,Healthcare Representative,1,0,0,0
21,1,Travel Frequently,756,Sales,1,1,99,Sales Representative,3,2,1,2
36,0,Non-Travel,845,Sales,1,5,45,Sales Executive,1,0,0,0
36,0,Travel Frequently,541,Sales,3,4,48,Sales Executive,13,9,1,12
57,0,Travel Rarely,593,Research & Development,1,4,88,Healthcare Representative,3,2,1,2
40,0,Travel Rarely,1171,Research & Development,10,4,46,Laboratory Technician,7,7,1,7
21,0,Non-Travel,895,Sales,9,2,39,Sales Representative,3,2,2,2
33,1,Travel Rarely,350,Sales,5,3,34,Sales Representative,1,0,0,0
37,0,Travel Rarely,921,Research & Development,10,3,98,Laboratory Technician,5,4,0,3
46,0,Non-Travel,1144,Research & Development,7,4,30,Manufacturing Director,1,0,0,0
41,1,Travel Frequently,143,Sales,4,3,56,Sales Executive,8,7,7,7
50,0,Travel Rarely,1046,Research & Development,10,3,100,Healthcare Representative,4,3,1,3
40,1,Travel Rarely,575,Sales,22,2,68,Sales Executive,6,4,1,0
31,0,Travel Rarely,408,Research & Development,9,4,42,Research Scientist,2,2,2,2
21,1,Travel Rarely,156,Sales,12,3,90,Sales Representative,1,0,0,0
29,0,Travel Rarely,1283,Research & Development,23,3,54,Research Scientist,3,2,1,2
35,0,Travel Rarely,755,Research & Development,9,4,97,Healthcare Representative,1,1,0,0
27,0,Travel Rarely,1469,Research & Development,1,2,82,Laboratory Technician,5,2,0,4
28,0,Travel Rarely,304,Sales,9,4,92,Sales Executive,7,5,0,7
49,0,Travel Rarely,1261,Research & Development,7,3,31,Healthcare Representative,5,2,0,0
51,0,Travel Rarely,1178,Sales,14,2,87,Sales Executive,7,7,0,7
36,0,Travel Rarely,329,Research & Development,2,3,96,Research Scientist,2,2,2,2
34,1,Non-Travel,1362,Sales,19,3,67,Sales Executive,5,2,0,4
55,0,Travel Rarely,1311,Research & Development,2,3,97,Manager,5,4,1,2
24,0,Travel Rarely,1371,Sales,10,4,77,Sales Executive,5,2,0,3
30,0,Travel Rarely,202,Sales,2,1,72,Sales Representative,1,0,0,0
26,1,Travel Frequently,575,Research & Development,3,1,73,Research Scientist,6,4,0,4
22,0,Travel Rarely,253,Research & Development,11,3,43,Research Scientist,2,1,1,2
36,0,Travel Rarely,164,Sales,2,2,61,Sales Executive,10,9,9,0
30,1,Travel Frequently,464,Research & Development,4,3,40,Research Scientist,1,0,0,0
37,0,Travel Rarely,1107,Research & Development,14,3,95,Laboratory Technician,18,7,12,17
40,0,Travel Rarely,759,Sales,2,2,46,Sales Executive,5,4,1,3
42,0,Travel Rarely,201,Research & Development,1,4,95,Laboratory Technician,5,2,1,2
37,0,Travel Rarely,1305,Research & Development,10,4,49,Manufacturing Director,1,0,0,1
43,0,Travel Rarely,982,Research & Development,12,3,59,Research Director,25,10,3,9
40,0,Travel Rarely,555,Research & Development,2,3,78,Laboratory Technician,1,0,0,0
54,0,Travel Rarely,821,Research & Development,5,2,86,Research Director,4,2,1,2
34,0,Non-Travel,1381,Sales,4,4,72,Sales Executive,3,2,1,2
31,0,Travel Rarely,480,Research & Development,7,2,31,Manufacturing Director,13,10,3,12
43,0,Travel Frequently,313,Research & Development,21,3,61,Laboratory Technician,3,2,1,2
43,0,Travel Rarely,1473,Research & Development,8,4,74,Healthcare Representative,5,2,0,2
25,0,Travel Rarely,891,Sales,4,2,99,Sales Executive,5,4,1,3
37,0,Non-Travel,1063,Research & Development,25,5,72,Research Scientist,13,11,10,7
31,0,Travel Rarely,329,Research & Development,1,2,98,Laboratory Technician,4,2,3,2
39,0,Travel Frequently,1218,Research & Development,1,1,52,Manager,21,8,1,6
56,0,Travel Frequently,906,Sales,6,3,86,Sales Executive,7,7,7,7
30,0,Travel Rarely,1082,Sales,12,3,83,Sales Executive,5,4,4,4
41,0,Travel Rarely,645,Sales,1,3,49,Sales Executive,10,7,0,7
28,0,Travel Rarely,1300,Research & Development,17,2,79,Laboratory Technician,10,0,1,8
25,1,Travel Rarely,688,Research & Development,3,3,91,Laboratory Technician,2,2,0,2
52,0,Travel Rarely,319,Research & Development,3,3,39,Manufacturing Director,5,4,0,4
45,0,Travel Rarely,192,Research & Development,10,2,69,Research Scientist,2,2,0,2
52,0,Travel Rarely,1490,Research & Development,4,2,30,Manager,5,2,1,4
42,0,Travel Frequently,532,Research & Development,29,2,92,Research Scientist,5,4,0,2
30,0,Travel Rarely,317,Research & Development,2,3,43,Manufacturing Director,5,4,0,2
60,0,Travel Rarely,422,Research & Development,7,3,41,Manager,29,8,11,10
46,0,Travel Rarely,1485,Research & Development,18,3,87,Manufacturing Director,10,7,0,8
42,0,Travel Frequently,1368,Research & Development,28,4,88,Healthcare Representative,6,5,0,4
24,1,Travel Rarely,1448,Sales,1,1,62,Sales Representative,5,3,1,4
34,1,Travel Frequently,296,Sales,6,2,33,Sales Representative,2,2,1,0
38,0,Travel Frequently,1490,Research & Development,2,2,42,Laboratory Technician,1,0,0,0
40,0,Travel Rarely,1398,Sales,2,4,79,Manager,20,15,1,12
26,0,Travel Rarely,1349,Research & Development,23,3,90,Research Scientist,3,2,0,2
30,0,Non-Travel,1400,Research & Development,3,3,53,Laboratory Technician,5,3,1,4
29,0,Travel Rarely,986,Research & Development,3,4,93,Research Director,10,2,0,7
29,1,Travel Rarely,408,Research & Development,25,5,71,Research Scientist,2,2,1,1
19,1,Travel Rarely,489,Human Resources,2,2,52,Human Resources,1,0,0,0
30,0,Non-Travel,1398,Sales,22,4,69,Sales Executive,9,8,7,8
57,0,Travel Rarely,210,Sales,29,3,56,Manager,1,0,0,0
50,0,Travel Rarely,1099,Research & Development,29,4,88,Manager,27,10,15,7
30,0,Non-Travel,1116,Research & Development,2,3,49,Laboratory Technician,11,7,6,7
60,0,Travel Frequently,1499,Sales,28,3,80,Sales Executive,18,13,13,11
47,0,Travel Rarely,983,Research & Development,2,2,65,Manufacturing Director,5,0,0,4
46,0,Travel Rarely,1009,Research & Development,2,3,51,Research Director,3,2,0,1
35,0,Travel Rarely,144,Research & Development,22,3,46,Laboratory Technician,5,4,4,3
54,0,Travel Rarely,548,Research & Development,8,4,42,Laboratory Technician,1,0,0,0
34,0,Travel Rarely,1303,Research & Development,2,4,62,Research Scientist,7,3,5,7
46,0,Travel Rarely,1125,Sales,10,3,94,Sales Executive,3,2,1,2
31,0,Travel Rarely,1274,Research & Development,9,1,33,Manufacturing Director,13,8,0,8
33,1,Travel Rarely,1277,Research & Development,15,1,56,Manager,7,6,7,7
33,1,Travel Rarely,587,Research & Development,10,1,38,Laboratory Technician,4,3,1,3
30,0,Travel Rarely,413,Sales,7,1,57,Sales Representative,3,2,1,2
35,0,Travel Rarely,1276,Research & Development,16,3,72,Healthcare Representative,8,7,0,0
31,1,Travel Frequently,534,Research & Development,20,3,66,Healthcare Representative,1,0,0,0
34,1,Travel Frequently,988,Human Resources,23,3,43,Human Resources,3,2,0,2
42,0,Travel Frequently,1474,Research & Development,5,2,97,Laboratory Technician,2,2,2,0
36,0,Non-Travel,635,Sales,10,4,32,Sales Executive,10,3,9,7
22,1,Travel Frequently,1368,Research & Development,4,1,99,Laboratory Technician,2,2,1,2
48,0,Travel Rarely,163,Sales,2,5,37,Sales Executive,9,7,6,7
55,0,Travel Rarely,1117,Sales,18,5,83,Manager,10,9,7,7
41,0,Non-Travel,267,Sales,10,2,56,Sales Executive,14,3,1,10
35,0,Travel Rarely,619,Sales,1,3,85,Sales Executive,11,9,6,9
40,0,Travel Rarely,302,Research & Development,6,3,75,Manufacturing Director,20,6,5,13
39,0,Travel Frequently,443,Research & Development,8,1,48,Laboratory Technician,8,3,0,7
31,0,Travel Rarely,828,Sales,2,1,77,Sales Executive,6,5,0,5
42,0,Travel Rarely,319,Research & Development,24,3,56,Manufacturing Director,10,9,5,8
45,0,Travel Rarely,561,Sales,2,3,61,Sales Executive,8,7,3,7
26,1,Travel Frequently,426,Human Resources,17,4,58,Human Resources,7,7,1,0
29,0,Travel Rarely,232,Research & Development,19,3,34,Manufacturing Director,3,2,1,2
33,0,Travel Rarely,922,Research & Development,1,5,95,Research Director,6,1,0,5
31,0,Travel Rarely,688,Sales,7,3,44,Manager,5,4,0,1
18,1,Travel Frequently,1306,Sales,5,3,69,Sales Representative,0,0,0,0
40,0,Non-Travel,1094,Sales,28,3,58,Sales Executive,1,0,0,1
41,0,Non-Travel,509,Research & Development,2,4,62,Healthcare Representative,8,7,0,7
26,0,Travel Rarely,775,Sales,29,2,45,Sales Executive,0,0,0,0
35,0,Travel Rarely,195,Sales,1,3,80,Sales Executive,5,4,0,3
34,0,Travel Rarely,258,Sales,21,4,74,Sales Executive,10,7,5,7
26,1,Travel Rarely,471,Research & Development,24,3,66,Laboratory Technician,1,0,0,0
37,0,Travel Rarely,799,Research & Development,1,3,59,Manufacturing Director,6,5,1,2
46,0,Travel Frequently,1034,Research & Development,18,1,86,Healthcare Representative,2,2,1,2
41,0,Travel Rarely,1276,Sales,2,5,91,Manager,18,16,11,8
37,0,Non-Travel,142,Sales,9,4,69,Sales Executive,9,5,7,7
52,0,Travel Rarely,956,Research & Development,6,2,78,Research Scientist,10,9,6,9
32,1,Non-Travel,1474,Sales,11,4,60,Sales Executive,4,2,1,2
24,0,Travel Frequently,535,Sales,24,3,38,Sales Representative,2,2,2,1
38,0,Travel Rarely,1495,Research & Development,10,3,76,Healthcare Representative,1,0,0,0
37,0,Travel Rarely,446,Research & Development,1,4,65,Manufacturing Director,6,5,4,3
49,0,Travel Rarely,1245,Research & Development,18,4,58,Research Director,31,9,0,9
24,0,Travel Rarely,691,Research & Development,23,3,89,Research Scientist,6,5,1,4
26,0,Travel Rarely,703,Sales,28,2,66,Sales Executive,5,3,1,4
24,0,Travel Rarely,823,Research & Development,17,2,94,Laboratory Technician,1,0,0,0
50,0,Travel Frequently,1246,Human Resources,3,3,99,Manager,32,5,10,7
25,0,Travel Rarely,622,Sales,13,1,40,Sales Representative,7,4,0,6
24,1,Travel Frequently,1287,Research & Development,7,3,55,Laboratory Technician,6,3,1,2
30,1,Travel Frequently,448,Sales,12,4,74,Sales Representative,1,0,0,0
34,0,Travel Rarely,254,Research & Development,1,2,83,Research Scientist,6,5,1,3
31,1,Travel Rarely,1365,Sales,13,4,46,Sales Executive,3,1,1,2
35,0,Travel Rarely,538,Research & Development,25,2,54,Laboratory Technician,3,2,0,2
31,0,Travel Rarely,525,Sales,6,4,66,Sales Executive,7,7,5,7
27,0,Travel Rarely,798,Research & Development,6,4,66,Research Scientist,5,3,0,3
37,0,Travel Rarely,558,Sales,2,3,75,Sales Executive,3,0,1,0
20,0,Travel Rarely,959,Research & Development,1,3,83,Research Scientist,1,0,0,0
42,0,Travel Rarely,622,Research & Development,2,4,81,Healthcare Representative,10,2,2,2
43,0,Travel Rarely,782,Research & Development,6,4,50,Research Director,1,0,0,0
38,0,Travel Rarely,362,Research & Development,1,1,43,Research Scientist,0,0,0,0
43,0,Travel Frequently,1001,Research & Development,9,5,72,Laboratory Technician,8,7,4,7
48,0,Travel Rarely,1236,Research & Development,1,4,40,Manager,3,2,0,2
44,0,Travel Rarely,1112,Human Resources,1,4,50,Human Resources,2,2,0,2
34,0,Travel Rarely,204,Sales,14,3,31,Sales Representative,8,2,0,6
27,1,Travel Rarely,1420,Sales,2,1,85,Sales Representative,4,3,0,2
21,0,Travel Rarely,1343,Sales,22,1,49,Sales Representative,3,2,1,2
44,0,Travel Rarely,1315,Research & Development,3,4,35,Manager,2,2,0,1
22,0,Travel Rarely,604,Research & Development,6,1,69,Research Scientist,2,2,2,2
33,0,Travel Rarely,1216,Sales,8,4,39,Sales Executive,5,0,1,2
32,0,Travel Rarely,646,Research & Development,9,4,92,Research Scientist,6,4,0,5
30,0,Travel Frequently,160,Research & Development,3,3,71,Research Scientist,1,0,0,0
53,0,Travel Rarely,238,Sales,1,1,34,Sales Executive,14,7,8,10
34,0,Travel Rarely,1397,Research & Development,1,5,42,Research Scientist,10,9,8,8
45,1,Travel Frequently,306,Sales,26,4,100,Sales Executive,1,1,0,0
26,0,Travel Rarely,991,Research & Development,6,3,71,Laboratory Technician,3,2,0,2
37,0,Travel Rarely,482,Research & Development,3,3,36,Manufacturing Director,10,7,7,8
29,0,Travel Rarely,1176,Sales,3,2,62,Sales Executive,6,0,1,2
35,0,Travel Rarely,1017,Research & Development,6,4,82,Research Scientist,17,11,11,8
33,0,Travel Frequently,1296,Research & Development,6,3,30,Healthcare Representative,13,11,4,7
54,0,Travel Rarely,397,Human Resources,19,4,88,Human Resources,9,7,7,1
36,0,Travel Rarely,913,Research & Development,9,2,48,Manufacturing Director,3,2,0,2
27,0,Travel Rarely,1115,Research & Development,3,4,54,Research Scientist,4,2,1,1
20,1,Travel Rarely,1362,Research & Development,10,1,32,Research Scientist,1,0,1,1
33,1,Travel Frequently,1076,Research & Development,3,3,70,Research Scientist,10,8,9,7
35,0,Non-Travel,727,Research & Development,3,3,41,Laboratory Technician,1,0,0,0
23,0,Travel Rarely,885,Research & Development,4,3,58,Research Scientist,3,2,0,2
25,0,Travel Rarely,810,Sales,8,3,57,Sales Executive,3,2,1,2
38,0,Travel Rarely,243,Sales,7,4,46,Sales Executive,7,7,0,5
29,0,Travel Frequently,806,Research & Development,1,4,76,Research Scientist,10,7,2,8
48,0,Travel Rarely,817,Sales,2,1,56,Sales Executive,2,2,2,2
27,0,Travel Frequently,1410,Sales,3,1,71,Sales Executive,6,5,0,4
37,0,Travel Rarely,1225,Research & Development,10,2,80,Research Scientist,1,0,0,0
50,0,Travel Rarely,1207,Research & Development,28,1,74,Laboratory Technician,20,8,3,8
34,0,Travel Rarely,1442,Research & Development,9,3,46,Healthcare Representative,8,7,7,7
24,1,Travel Rarely,693,Sales,3,2,65,Sales Executive,2,2,2,0
39,0,Travel Rarely,408,Research & Development,2,4,80,Healthcare Representative,20,7,11,10
32,0,Travel Rarely,929,Sales,10,3,55,Sales Executive,10,7,0,8
50,1,Travel Frequently,562,Sales,8,2,50,Sales Executive,4,3,1,3
38,0,Travel Rarely,827,Research & Development,1,4,33,Healthcare Representative,9,7,1,8
27,0,Travel Rarely,608,Research & Development,1,2,68,Manufacturing Director,9,7,0,7
32,0,Travel Rarely,1018,Research & Development,3,2,39,Research Director,7,7,7,7
47,0,Travel Rarely,703,Sales,14,4,42,Sales Executive,7,7,1,7
40,0,Travel Frequently,580,Sales,5,4,48,Sales Executive,18,13,1,12
53,0,Travel Rarely,970,Research & Development,7,3,59,Research Director,5,1,1,3
41,0,Travel Rarely,427,Human Resources,10,4,73,Manager,21,6,12,6
60,0,Travel Rarely,1179,Sales,16,4,84,Sales Executive,2,2,2,2
27,0,Travel Frequently,294,Research & Development,10,2,32,Manufacturing Director,9,7,1,7
41,0,Travel Rarely,314,Human Resources,1,3,59,Manager,22,7,2,10
50,0,Travel Rarely,316,Sales,8,4,54,Sales Representative,2,2,2,2
28,1,Travel Rarely,654,Research & Development,1,2,67,Research Scientist,7,7,3,7
36,0,Non-Travel,427,Research & Development,8,3,63,Research Director,8,7,0,5
38,0,Travel Rarely,168,Research & Development,1,3,81,Manufacturing Director,1,0,0,0
44,0,Non-Travel,381,Research & Development,24,3,49,Laboratory Technician,5,2,1,4
47,0,Travel Frequently,217,Sales,3,3,49,Sales Executive,22,2,11,13
30,0,Travel Rarely,501,Sales,27,5,99,Sales Executive,8,7,7,7
29,0,Travel Rarely,1396,Sales,10,3,99,Sales Representative,1,0,0,0
42,1,Travel Frequently,933,Research & Development,19,3,57,Research Scientist,2,2,2,2
43,0,Travel Frequently,775,Sales,15,3,47,Sales Executive,2,2,2,2
34,0,Travel Rarely,970,Research & Development,8,2,96,Healthcare Representative,5,1,4,3
23,0,Travel Rarely,650,Research & Development,9,1,37,Laboratory Technician,4,3,0,2
39,0,Travel Rarely,141,Human Resources,3,3,44,Human Resources,8,3,3,6
56,0,Travel Rarely,832,Research & Development,9,3,81,Healthcare Representative,10,7,1,1
40,0,Travel Rarely,804,Research & Development,2,1,86,Research Scientist,4,2,2,3
27,0,Travel Rarely,975,Research & Development,7,3,55,Healthcare Representative,7,6,0,7
29,0,Travel Rarely,1090,Sales,10,3,83,Sales Representative,2,2,2,2
53,0,Travel Rarely,346,Research & Development,6,3,86,Laboratory Technician,2,2,2,2
35,0,Non-Travel,1225,Research & Development,2,4,61,Healthcare Representative,1,0,0,0
32,0,Travel Frequently,430,Research & Development,24,4,80,Laboratory Technician,10,8,4,7
38,0,Travel Rarely,268,Research & Development,2,5,92,Research Scientist,1,0,0,1
34,0,Travel Rarely,167,Research & Development,8,5,32,Manufacturing Director,0,0,0,0
52,0,Travel Rarely,621,Sales,3,4,31,Manager,34,6,1,16
33,1,Travel Rarely,527,Research & Development,1,4,63,Research Scientist,10,9,7,8
25,0,Travel Rarely,883,Sales,26,1,32,Sales Executive,6,5,1,4
45,0,Travel Rarely,954,Sales,2,2,46,Sales Representative,8,7,3,1
23,0,Travel Rarely,310,Research & Development,10,1,79,Research Scientist,2,2,0,2
47,1,Travel Frequently,719,Sales,27,2,77,Sales Executive,5,4,1,3
34,0,Travel Rarely,304,Sales,2,3,60,Sales Executive,6,5,1,4
55,1,Travel Rarely,725,Research & Development,2,3,78,Manager,5,2,1,4
36,0,Non-Travel,1434,Sales,8,4,76,Sales Executive,10,7,0,9
52,0,Non-Travel,715,Research & Development,19,4,41,Research Scientist,4,3,1,2
26,0,Travel Frequently,575,Research & Development,1,2,71,Laboratory Technician,2,2,2,0
29,0,Travel Rarely,657,Research & Development,27,3,66,Healthcare Representative,8,7,1,1
26,1,Travel Rarely,1146,Sales,8,3,38,Sales Executive,4,3,1,2
34,0,Travel Rarely,182,Research & Development,1,4,72,Research Scientist,4,2,1,3
54,0,Travel Rarely,376,Research & Development,19,4,95,Manufacturing Director,5,3,1,4
27,0,Travel Frequently,829,Sales,8,1,84,Sales Executive,4,2,1,1
37,0,Travel Rarely,571,Research & Development,10,1,82,Research Scientist,5,3,4,3
38,0,Travel Frequently,240,Research & Development,2,4,75,Manufacturing Director,15,7,4,12
34,0,Travel Rarely,121,Research & Development,2,4,86,Research Scientist,6,5,1,3
35,0,Travel Rarely,384,Sales,8,4,72,Sales Representative,3,2,0,2
30,0,Travel Rarely,921,Research & Development,1,3,38,Laboratory Technician,2,2,0,2
40,0,Travel Frequently,791,Research & Development,2,2,38,Healthcare Representative,8,7,3,7
34,0,Travel Rarely,1111,Sales,8,2,93,Sales Executive,3,2,1,2
42,0,Travel Frequently,570,Research & Development,8,3,66,Manager,24,7,14,9
23,1,Travel Rarely,1243,Research & Development,6,3,63,Laboratory Technician,0,0,0,0
24,0,Non-Travel,1092,Research & Development,9,3,60,Laboratory Technician,1,0,0,0
52,0,Travel Rarely,1325,Research & Development,11,4,82,Laboratory Technician,5,2,1,4
50,0,Travel Rarely,691,Research & Development,2,3,64,Research Director,4,3,0,3
29,1,Travel Rarely,805,Research & Development,1,2,36,Laboratory Technician,1,0,0,0
33,0,Travel Rarely,213,Research & Development,7,3,49,Research Director,13,9,3,7
33,1,Travel Rarely,118,Sales,16,3,69,Sales Executive,3,2,0,2
47,0,Travel Rarely,202,Research & Development,2,2,33,Manager,26,14,3,0
36,0,Travel Rarely,676,Research & Development,1,3,35,Manufacturing Director,9,7,0,5
29,0,Travel Rarely,1252,Research & Development,23,2,81,Research Scientist,10,7,0,7
58,1,Travel Rarely,286,Research & Development,2,4,31,Research Director,31,15,13,8
35,0,Travel Rarely,1258,Research & Development,1,4,40,Research Scientist,2,2,2,2
42,0,Travel Rarely,932,Research & Development,1,2,43,Manufacturing Director,4,3,0,2
28,1,Travel Rarely,890,Research & Development,2,4,46,Research Scientist,2,2,2,1
36,0,Travel Rarely,1041,Human Resources,13,3,36,Human Resources,5,2,0,4
32,0,Travel Rarely,859,Research & Development,4,3,98,Manufacturing Director,14,13,6,8
40,0,Travel Frequently,720,Research & Development,16,4,51,Laboratory Technician,1,0,0,0
30,0,Travel Rarely,946,Research & Development,2,3,52,Manufacturing Director,0,0,0,0
45,0,Travel Rarely,252,Research & Development,2,3,95,Research Scientist,1,0,0,0
42,0,Travel Rarely,933,Research & Development,29,3,98,Manufacturing Director,9,8,7,8
38,0,Travel Frequently,471,Research & Development,12,3,45,Healthcare Representative,4,3,1,2
34,0,Travel Frequently,702,Research & Development,16,4,100,Research Scientist,5,2,1,3
49,1,Travel Rarely,1184,Sales,11,3,43,Sales Executive,9,8,7,7
55,1,Travel Rarely,436,Sales,2,1,37,Sales Executive,9,7,7,3
43,0,Travel Rarely,589,Research & Development,14,2,94,Research Director,4,1,1,0
27,0,Travel Rarely,269,Research & Development,5,1,42,Research Director,9,8,0,8
35,0,Travel Rarely,950,Research & Development,7,3,59,Manufacturing Director,8,5,1,6
28,0,Travel Rarely,760,Sales,2,4,81,Sales Executive,8,7,7,5
34,0,Travel Rarely,829,Human Resources,3,2,88,Human Resources,3,2,0,2
26,1,Travel Frequently,887,Research & Development,5,2,88,Research Scientist,8,7,1,7
27,0,Non-Travel,443,Research & Development,3,3,50,Research Scientist,0,0,0,0
51,0,Travel Rarely,1318,Sales,26,4,66,Manager,20,6,4,17
44,0,Travel Rarely,625,Research & Development,4,3,50,Healthcare Representative,5,2,2,3
25,0,Travel Rarely,180,Research & Development,2,1,65,Research Scientist,4,3,0,1
33,0,Travel Rarely,586,Sales,1,3,48,Sales Executive,9,8,0,8
35,0,Travel Rarely,1343,Research & Development,27,1,53,Research Scientist,6,5,1,1
36,0,Travel Rarely,928,Sales,1,2,56,Sales Executive,18,14,4,11
32,0,Travel Rarely,117,Sales,13,4,73,Sales Executive,5,2,0,3
30,0,Travel Frequently,1012,Research & Development,5,4,75,Research Scientist,5,4,0,3
53,0,Travel Rarely,661,Sales,7,2,78,Sales Executive,5,2,0,4
45,0,Travel Rarely,930,Sales,9,3,74,Sales Executive,5,4,0,2
32,0,Travel Rarely,638,Research & Development,8,2,91,Research Scientist,5,3,1,3
52,0,Travel Frequently,890,Research & Development,25,4,81,Manufacturing Director,9,8,0,0
37,0,Travel Rarely,342,Sales,16,4,66,Sales Executive,1,0,0,0
28,0,Travel Rarely,1169,Human Resources,8,2,63,Human Resources,5,1,0,4
22,0,Travel Rarely,1230,Research & Development,1,2,33,Manufacturing Director,2,2,2,2
44,0,Travel Rarely,986,Research & Development,8,4,62,Laboratory Technician,3,2,0,2
42,0,Travel Frequently,1271,Research & Development,2,1,35,Research Scientist,2,1,2,2
36,0,Travel Rarely,1278,Human Resources,8,3,77,Human Resources,5,4,0,3
25,0,Travel Rarely,141,Sales,3,1,98,Sales Executive,5,3,0,3
35,0,Travel Rarely,607,Research & Development,9,3,66,Manufacturing Director,17,14,5,15
35,1,Travel Frequently,130,Research & Development,25,4,96,Research Scientist,10,2,7,8
32,0,Non-Travel,300,Research & Development,1,3,61,Laboratory Technician,3,0,0,2
25,0,Travel Rarely,583,Sales,4,1,87,Sales Executive,5,2,0,3
49,0,Travel Rarely,1418,Research & Development,1,3,36,Research Scientist,4,2,0,2
24,0,Non-Travel,1269,Research & Development,4,1,46,Laboratory Technician,5,2,3,4
32,0,Travel Frequently,379,Sales,5,2,48,Sales Executive,10,8,5,3
38,0,Travel Rarely,395,Sales,9,3,98,Sales Representative,2,2,1,2
42,0,Travel Rarely,1265,Research & Development,3,3,95,Laboratory Technician,5,3,1,3
31,0,Travel Rarely,1222,Research & Development,11,4,48,Research Scientist,6,4,0,2
29,1,Travel Rarely,341,Sales,1,3,48,Sales Representative,3,2,0,2
53,0,Travel Rarely,868,Sales,8,3,73,Sales Executive,2,0,2,2
35,0,Travel Rarely,672,Research & Development,25,3,78,Manufacturing Director,13,10,4,8
37,0,Travel Frequently,1231,Sales,21,2,54,Sales Representative,5,4,0,0
53,0,Travel Rarely,102,Research & Development,23,4,72,Research Director,12,9,3,8
43,0,Travel Frequently,422,Research & Development,1,3,33,Healthcare Representative,5,2,2,2
47,0,Travel Rarely,249,Sales,2,2,35,Sales Executive,7,6,7,7
37,0,Non-Travel,1252,Sales,19,2,32,Sales Executive,10,0,0,9
50,0,Non-Travel,881,Research & Development,2,4,98,Manager,31,6,14,7
39,0,Travel Rarely,1383,Human Resources,2,3,42,Human Resources,5,4,0,4
33,0,Travel Rarely,1075,Human Resources,3,2,57,Human Resources,4,3,0,3
32,1,Travel Rarely,374,Research & Development,25,4,87,Laboratory Technician,1,0,0,1
29,0,Travel Rarely,1086,Research & Development,7,1,62,Laboratory Technician,4,3,0,3
44,0,Travel Rarely,661,Research & Development,9,2,61,Research Scientist,8,7,7,1
28,0,Travel Rarely,821,Sales,5,4,98,Sales Executive,4,2,0,2
58,1,Travel Frequently,781,Research & Development,2,1,57,Laboratory Technician,1,0,0,0
43,0,Travel Rarely,177,Research & Development,8,3,55,Manufacturing Director,1,0,0,0
20,1,Travel Rarely,500,Sales,2,3,49,Sales Representative,2,2,0,2
21,1,Travel Rarely,1427,Research & Development,18,1,65,Research Scientist,1,0,0,0
36,0,Travel Rarely,1425,Research & Development,14,1,68,Healthcare Representative,16,8,4,11
47,0,Travel Rarely,1454,Sales,2,4,65,Sales Representative,3,2,1,2
22,1,Travel Rarely,617,Research & Development,3,1,34,Manufacturing Director,3,2,0,2
41,1,Travel Rarely,1085,Research & Development,2,4,57,Laboratory Technician,7,7,1,0
28,0,Travel Rarely,995,Research & Development,9,3,77,Research Scientist,2,2,2,2
39,1,Travel Rarely,1122,Research & Development,6,3,70,Laboratory Technician,2,2,2,2
27,0,Travel Rarely,618,Research & Development,4,3,76,Research Scientist,1,1,0,0
34,0,Travel Rarely,546,Research & Development,10,3,83,Laboratory Technician,1,0,1,0
42,0,Travel Rarely,462,Sales,14,2,68,Sales Executive,5,4,0,3
33,0,Travel Rarely,1198,Research & Development,1,4,100,Research Scientist,3,2,0,2
58,0,Travel Rarely,1272,Research & Development,5,3,37,Healthcare Representative,6,0,0,4
31,0,Travel Rarely,154,Sales,7,4,41,Sales Representative,7,7,5,2
35,0,Travel Rarely,1137,Research & Development,21,1,51,Healthcare Representative,10,6,0,7
49,0,Travel Rarely,527,Research & Development,8,2,51,Laboratory Technician,26,9,1,7
48,0,Travel Rarely,1469,Research & Development,20,4,51,Research Scientist,0,0,0,0
31,0,Non-Travel,1188,Sales,20,2,45,Sales Executive,9,8,0,0
36,0,Travel Rarely,188,Research & Development,7,4,65,Research Scientist,6,2,0,1
38,0,Travel Rarely,1333,Research & Development,1,3,80,Research Director,15,12,5,11
32,0,Non-Travel,1184,Research & Development,1,3,70,Laboratory Technician,3,0,0,2
25,1,Travel Rarely,867,Sales,19,2,36,Sales Representative,1,0,0,0
40,0,Travel Rarely,658,Sales,10,4,67,Sales Executive,1,0,0,0
26,0,Travel Frequently,1283,Sales,1,3,52,Sales Executive,7,7,0,7
41,0,Travel Rarely,263,Research & Development,6,3,59,Laboratory Technician,18,13,2,17
36,0,Travel Rarely,938,Research & Development,2,4,79,Laboratory Technician,11,8,3,9
19,1,Travel Rarely,419,Sales,21,3,37,Sales Representative,1,0,0,0
20,1,Travel Rarely,129,Research & Development,4,3,84,Laboratory Technician,1,0,0,0
31,0,Travel Rarely,616,Research & Development,12,3,41,Healthcare Representative,9,7,8,5
40,0,Travel Frequently,1469,Research & Development,9,4,35,Research Scientist,1,1,0,0
32,0,Travel Rarely,498,Research & Development,3,4,93,Manufacturing Director,8,7,6,3
36,1,Travel Rarely,530,Sales,3,1,51,Sales Executive,16,7,3,7
33,0,Travel Rarely,1069,Research & Development,1,3,42,Healthcare Representative,5,0,1,4
37,1,Travel Rarely,625,Sales,1,4,46,Sales Executive,14,1,11,7
45,0,Non-Travel,805,Research & Development,4,2,57,Laboratory Technician,9,7,0,8
29,0,Travel Frequently,1404,Sales,20,3,84,Sales Representative,3,1,0,2
35,0,Travel Rarely,1219,Sales,18,3,86,Sales Executive,5,2,1,0
52,0,Travel Rarely,1053,Research & Development,1,2,70,Manager,9,8,7,8
58,1,Travel Rarely,289,Research & Development,2,3,51,Research Scientist,1,0,0,0
53,0,Travel Rarely,1376,Sales,2,2,45,Manager,17,13,15,2
30,0,Travel Rarely,231,Sales,8,2,62,Sales Executive,8,4,7,7
38,0,Non-Travel,152,Sales,10,3,85,Sales Executive,5,3,1,3
35,0,Travel Rarely,882,Sales,3,4,92,Sales Executive,10,9,0,8
39,0,Travel Rarely,903,Sales,2,5,41,Sales Executive,8,7,0,7
40,1,Non-Travel,1479,Sales,24,3,100,Sales Executive,1,0,0,0
47,0,Travel Frequently,1379,Research & Development,16,4,64,Manufacturing Director,19,10,2,7
36,0,Non-Travel,1229,Sales,8,4,84,Sales Executive,7,7,0,7
31,1,Non-Travel,335,Research & Development,9,2,46,Research Scientist,3,2,1,2
33,0,Non-Travel,722,Sales,17,3,38,Manager,10,8,6,0
29,1,Travel Rarely,906,Research & Development,10,3,92,Research Scientist,0,0,0,0
33,0,Travel Rarely,461,Research & Development,13,1,53,Research Scientist,3,2,0,2
45,0,Travel Rarely,974,Research & Development,1,4,91,Laboratory Technician,5,3,0,2
50,0,Travel Rarely,1126,Research & Development,1,2,66,Research Director,5,4,1,3
33,0,Travel Frequently,827,Research & Development,1,4,84,Healthcare Representative,6,5,1,2
41,0,Travel Frequently,840,Research & Development,9,3,64,Research Director,18,16,0,11
27,0,Travel Rarely,1134,Research & Development,16,4,37,Laboratory Technician,2,2,2,2
45,0,Non-Travel,248,Research & Development,23,2,42,Laboratory Technician,9,8,0,8
47,0,Travel Rarely,955,Sales,4,2,83,Sales Executive,9,0,0,7
30,1,Travel Rarely,138,Research & Development,22,3,48,Research Scientist,5,2,0,1
50,0,Travel Rarely,939,Research & Development,24,3,95,Manufacturing Director,12,11,1,5
38,0,Travel Frequently,1391,Research & Development,10,1,66,Research Scientist,2,1,0,2
46,0,Travel Rarely,566,Research & Development,7,2,75,Manufacturing Director,8,7,0,7
24,0,Travel Rarely,1206,Research & Development,17,1,41,Manufacturing Director,4,2,3,2
35,1,Travel Rarely,622,Research & Development,14,4,39,Laboratory Technician,4,2,0,2
31,0,Travel Frequently,853,Research & Development,1,1,96,Manufacturing Director,4,3,0,3
18,0,Non-Travel,287,Research & Development,5,2,73,Research Scientist,0,0,0,0
54,0,Travel Rarely,1441,Research & Development,17,3,56,Manufacturing Director,10,7,0,8
35,0,Travel Rarely,583,Research & Development,25,4,57,Healthcare Representative,16,10,10,1
30,0,Travel Rarely,153,Research & Development,8,2,73,Research Director,8,7,1,7
20,1,Travel Rarely,1097,Research & Development,11,3,98,Research Scientist,1,0,0,0
30,1,Travel Frequently,109,Research & Development,5,3,60,Laboratory Technician,3,2,1,2
26,0,Travel Rarely,1066,Research & Development,2,2,32,Manufacturing Director,8,7,1,3
22,0,Travel Rarely,217,Research & Development,8,1,94,Laboratory Technician,4,3,1,1
48,0,Travel Rarely,277,Research & Development,6,3,97,Healthcare Representative,2,2,2,2
48,0,Travel Rarely,1355,Research & Development,4,4,78,Healthcare Representative,15,11,4,8
41,0,Travel Rarely,549,Research & Development,7,2,42,Manufacturing Director,2,2,2,1
39,0,Travel Rarely,466,Research & Development,1,1,65,Manufacturing Director,21,6,11,8
27,0,Travel Rarely,1055,Research & Development,2,4,47,Manufacturing Director,3,2,2,2
35,0,Travel Rarely,802,Research & Development,10,3,45,Laboratory Technician,3,2,1,2
42,0,Travel Rarely,265,Sales,5,2,90,Manager,1,0,0,0
50,0,Travel Rarely,804,Research & Development,9,3,64,Laboratory Technician,1,0,0,0
59,0,Travel Rarely,715,Research & Development,2,3,69,Manufacturing Director,5,3,4,3
37,1,Travel Rarely,1141,Research & Development,11,2,61,Healthcare Representative,1,0,0,0
55,0,Travel Frequently,135,Research & Development,18,4,62,Healthcare Representative,8,7,6,7
41,0,Non-Travel,247,Research & Development,7,1,55,Research Director,21,16,5,10
38,0,Travel Rarely,1035,Sales,3,4,42,Sales Executive,1,0,0,0
26,1,Non-Travel,265,Sales,29,2,79,Sales Executive,2,2,2,2
52,1,Travel Rarely,266,Sales,2,1,57,Manager,32,14,6,9
44,0,Travel Rarely,1448,Sales,28,3,53,Sales Executive,12,11,11,11
50,0,Non-Travel,145,Sales,1,3,95,Sales Executive,18,7,0,13
36,1,Travel Rarely,885,Research & Development,16,4,43,Laboratory Technician,17,13,15,14
39,0,Travel Frequently,945,Research & Development,22,3,82,Manufacturing Director,21,6,2,8
33,0,Non-Travel,1038,Sales,8,1,88,Sales Representative,2,2,2,2
45,0,Travel Rarely,1234,Sales,11,2,90,Manager,9,3,1,1
32,0,Non-Travel,1109,Research & Development,29,4,69,Laboratory Technician,8,7,7,7
34,0,Travel Rarely,216,Sales,1,4,75,Sales Executive,15,1,0,9
59,0,Travel Rarely,1089,Sales,1,2,66,Manager,6,4,0,4
45,0,Travel Rarely,788,Human Resources,24,4,36,Human Resources,6,3,0,4
53,0,Travel Frequently,124,Sales,2,3,38,Sales Executive,15,7,6,12
36,1,Travel Rarely,660,Research & Development,15,3,81,Laboratory Technician,1,0,0,0
26,1,Travel Frequently,342,Research & Development,2,3,57,Research Scientist,3,2,1,2
34,0,Travel Rarely,1333,Sales,10,4,87,Sales Representative,1,1,0,0
28,0,Travel Rarely,1144,Sales,10,1,74,Sales Representative,1,0,0,0
38,0,Travel Frequently,1186,Research & Development,3,4,44,Research Scientist,2,2,2,2
50,0,Travel Rarely,1464,Research & Development,2,4,62,Research Director,8,1,7,7
37,0,Travel Rarely,124,Research & Development,3,3,35,Healthcare Representative,4,3,0,1
40,0,Travel Rarely,300,Sales,26,3,74,Sales Executive,7,7,7,5
26,0,Travel Frequently,921,Research & Development,1,1,66,Research Scientist,5,3,1,3
46,0,Travel Rarely,430,Research & Development,1,4,40,Research Director,2,2,2,2
54,0,Travel Rarely,1082,Sales,2,4,41,Sales Executive,9,4,7,0
56,0,Travel Frequently,1240,Research & Development,9,3,63,Research Scientist,5,4,0,3
36,0,Travel Rarely,796,Research & Development,12,5,51,Manufacturing Director,14,8,7,8
55,0,Non-Travel,444,Research & Development,2,1,40,Manager,9,7,6,2
43,0,Travel Rarely,415,Sales,25,3,79,Sales Executive,1,0,0,0
20,1,Travel Frequently,769,Sales,9,3,54,Sales Representative,2,2,0,2
21,1,Travel Rarely,1334,Research & Development,10,3,36,Laboratory Technician,1,0,1,0
46,0,Travel Rarely,1003,Research & Development,8,4,74,Research Scientist,16,13,1,7
51,1,Travel Rarely,1323,Research & Development,4,4,34,Research Scientist,10,0,2,7
28,1,Non-Travel,1366,Research & Development,24,2,72,Healthcare Representative,10,7,1,9
26,0,Travel Rarely,192,Research & Development,1,2,59,Laboratory Technician,5,3,1,3
30,0,Travel Rarely,1176,Research & Development,20,3,85,Manufacturing Director,6,2,0,2
41,0,Travel Rarely,509,Research & Development,7,2,43,Research Scientist,10,6,0,8
38,0,Travel Rarely,330,Research & Development,17,1,65,Healthcare Representative,19,9,1,9
40,0,Travel Rarely,1492,Research & Development,20,4,61,Healthcare Representative,11,10,11,1
27,0,Non-Travel,1277,Research & Development,8,5,87,Laboratory Technician,3,2,1,2
55,0,Travel Frequently,1091,Research & Development,2,1,65,Manufacturing Director,3,2,1,2
28,0,Travel Rarely,857,Research & Development,10,3,59,Research Scientist,8,7,1,7
44,1,Travel Rarely,1376,Human Resources,1,2,91,Human Resources,20,6,3,6
33,0,Travel Rarely,654,Research & Development,5,3,34,Healthcare Representative,3,2,1,2
35,1,Travel Rarely,1204,Sales,4,3,86,Sales Executive,8,7,4,7
33,1,Travel Frequently,827,Research & Development,29,4,54,Research Scientist,13,7,3,8
28,0,Travel Rarely,895,Research & Development,15,2,50,Laboratory Technician,4,2,2,2
34,0,Travel Frequently,618,Research & Development,3,1,45,Healthcare Representative,6,2,0,4
37,0,Travel Rarely,309,Sales,10,4,88,Sales Executive,1,0,0,0
25,1,Travel Rarely,1219,Research & Development,4,1,32,Laboratory Technician,7,7,5,6
26,1,Travel Rarely,1330,Research & Development,21,3,37,Laboratory Technician,1,1,0,0
33,1,Travel Rarely,1017,Research & Development,25,3,55,Research Scientist,2,2,2,2
42,0,Travel Rarely,469,Research & Development,2,2,35,Manager,22,6,13,7
28,1,Travel Frequently,1009,Research & Development,1,3,45,Laboratory Technician,1,0,0,0
50,1,Travel Frequently,959,Sales,1,4,81,Sales Executive,0,0,0,0
33,0,Travel Frequently,970,Sales,7,3,30,Sales Executive,3,2,0,2
34,0,Non-Travel,697,Research & Development,3,4,40,Research Scientist,0,0,0,0
48,0,Non-Travel,1262,Research & Development,1,4,35,Manager,5,4,2,1
45,0,Non-Travel,1050,Sales,9,4,65,Sales Executive,15,10,4,12
52,0,Travel Rarely,994,Research & Development,7,4,87,Healthcare Representative,8,6,4,0
38,0,Travel Rarely,770,Sales,10,4,73,Sales Executive,8,7,2,7
29,0,Travel Rarely,1107,Research & Development,28,4,93,Research Scientist,7,5,1,7
28,0,Travel Rarely,950,Research & Development,3,3,93,Manufacturing Director,9,7,1,7
46,0,Travel Rarely,406,Sales,3,1,52,Manager,12,9,4,9
38,0,Travel Rarely,130,Sales,2,2,32,Sales Executive,1,0,0,0
43,0,Travel Frequently,1082,Research & Development,27,3,83,Manufacturing Director,8,7,0,1
39,1,Travel Frequently,203,Research & Development,2,3,84,Healthcare Representative,18,7,11,5
40,0,Travel Rarely,1308,Research & Development,14,3,44,Research Director,20,7,4,9
21,0,Travel Rarely,984,Research & Development,1,1,70,Research Scientist,2,2,2,2
39,0,Non-Travel,439,Research & Development,9,3,70,Laboratory Technician,5,4,0,3
36,0,Non-Travel,217,Research & Development,18,4,78,Manufacturing Director,11,9,0,9
31,0,Travel Frequently,793,Sales,20,3,67,Sales Representative,2,2,2,2
28,0,Travel Rarely,1451,Research & Development,2,1,67,Research Scientist,5,3,0,4
35,0,Travel Frequently,1182,Sales,11,2,54,Sales Executive,5,2,0,2
49,0,Travel Rarely,174,Sales,8,4,56,Sales Executive,9,8,2,3
34,0,Travel Frequently,1003,Research & Development,2,2,95,Manufacturing Director,3,2,0,2
29,0,Travel Frequently,490,Research & Development,10,3,61,Research Scientist,7,5,1,1
42,0,Travel Rarely,188,Research & Development,29,3,56,Laboratory Technician,1,0,0,0
29,0,Travel Rarely,718,Research & Development,8,1,79,Manufacturing Director,10,7,1,2
38,0,Travel Rarely,433,Human Resources,1,3,37,Human Resources,7,6,5,0
28,0,Travel Frequently,773,Research & Development,6,3,39,Research Scientist,3,1,0,2
18,1,Non-Travel,247,Research & Development,8,1,80,Laboratory Technician,0,0,0,0
33,1,Travel Rarely,603,Sales,9,4,77,Sales Executive,5,2,0,3
41,0,Travel Rarely,167,Research & Development,12,4,46,Laboratory Technician,1,0,0,0
31,1,Travel Frequently,874,Research & Development,15,3,72,Laboratory Technician,2,2,2,2
37,0,Travel Rarely,367,Research & Development,25,2,52,Healthcare Representative,6,2,1,3
27,0,Travel Rarely,199,Research & Development,6,3,55,Research Scientist,4,2,2,2
34,0,Travel Rarely,1400,Sales,9,1,70,Sales Executive,6,5,1,3
35,0,Travel Rarely,528,Human Resources,8,4,100,Human Resources,5,4,1,4
29,1,Travel Rarely,408,Sales,23,1,45,Sales Executive,11,8,3,10
40,0,Travel Frequently,593,Research & Development,9,4,88,Research Director,18,7,2,13
42,1,Travel Frequently,481,Sales,12,3,44,Sales Executive,21,9,13,14
42,0,Travel Rarely,647,Sales,4,4,45,Sales Executive,6,4,1,5
35,0,Travel Rarely,982,Research & Development,1,4,58,Laboratory Technician,8,0,1,7
24,0,Travel Rarely,477,Research & Development,24,3,49,Laboratory Technician,4,3,1,2
28,1,Travel Rarely,1485,Research & Development,12,1,79,Laboratory Technician,1,1,0,0
26,0,Travel Rarely,1384,Research & Development,3,4,82,Laboratory Technician,8,7,0,7
30,0,Travel Rarely,852,Sales,10,3,72,Sales Executive,10,3,1,4
40,0,Travel Frequently,902,Research & Development,26,2,92,Research Scientist,1,1,0,0
35,0,Travel Rarely,819,Research & Development,2,3,44,Manufacturing Director,7,7,6,4
34,0,Travel Frequently,669,Research & Development,1,3,97,Healthcare Representative,13,9,4,9
35,0,Travel Frequently,636,Research & Development,4,4,47,Laboratory Technician,2,2,2,2
43,1,Travel Rarely,1372,Sales,9,3,85,Sales Executive,4,3,1,3
32,0,Non-Travel,862,Sales,2,1,76,Sales Representative,1,0,0,0
56,0,Travel Rarely,718,Research & Development,4,4,92,Manager,5,2,4,2
29,0,Travel Rarely,1401,Research & Development,6,1,54,Laboratory Technician,10,8,0,8
19,0,Travel Rarely,645,Research & Development,9,2,54,Research Scientist,1,1,0,0
45,0,Travel Rarely,1457,Research & Development,7,3,83,Research Scientist,3,2,0,2
37,0,Travel Rarely,977,Research & Development,1,3,56,Manufacturing Director,14,8,3,11
20,0,Travel Rarely,805,Research & Development,3,3,87,Laboratory Technician,2,2,1,2
44,1,Travel Rarely,1097,Research & Development,10,4,96,Research Scientist,6,4,0,2
53,0,Travel Rarely,1223,Research & Development,7,2,50,Manager,7,7,4,7
29,0,Travel Rarely,942,Research & Development,15,1,69,Research Scientist,5,4,1,3
22,1,Travel Frequently,1256,Research & Development,3,4,48,Research Scientist,0,0,0,0
46,0,Travel Rarely,1402,Sales,2,3,69,Manager,26,15,15,9
44,0,Non-Travel,111,Research & Development,17,3,74,Research Scientist,0,0,0,0
33,0,Travel Rarely,147,Human Resources,2,3,99,Human Resources,5,4,1,4
41,1,Non-Travel,906,Research & Development,5,2,95,Research Scientist,1,0,0,0
30,0,Travel Rarely,1329,Sales,29,4,61,Sales Executive,4,3,0,3
40,0,Travel Frequently,1184,Sales,2,4,62,Sales Executive,0,0,0,0
50,0,Travel Frequently,1421,Research & Development,2,3,30,Manager,2,2,2,2
28,0,Travel Rarely,1179,Research & Development,19,4,78,Laboratory Technician,6,5,3,3
46,0,Travel Rarely,1450,Research & Development,15,2,52,Research Director,4,2,0,3
35,0,Travel Rarely,1361,Sales,17,4,94,Sales Executive,7,7,1,7
24,1,Travel Rarely,984,Research & Development,17,2,97,Laboratory Technician,1,0,0,0
33,0,Travel Frequently,1146,Sales,25,3,82,Sales Executive,10,7,0,1
36,0,Travel Rarely,917,Research & Development,6,4,60,Laboratory Technician,7,7,1,7
30,0,Travel Rarely,853,Research & Development,7,4,49,Laboratory Technician,10,7,8,9
44,0,Travel Rarely,200,Research & Development,29,4,32,Research Scientist,20,11,13,17
20,0,Travel Rarely,654,Sales,21,3,43,Sales Representative,2,1,2,2
46,0,Travel Rarely,150,Research & Development,2,4,60,Manufacturing Director,6,3,1,4
42,0,Non-Travel,179,Human Resources,2,5,79,Human Resources,4,3,0,3
60,0,Travel Rarely,696,Sales,7,4,52,Sales Executive,11,7,1,9
32,0,Travel Frequently,116,Research & Development,13,3,77,Laboratory Technician,2,2,2,2
32,0,Travel Frequently,1316,Research & Development,2,2,38,Research Scientist,8,7,0,7
36,0,Travel Rarely,363,Research & Development,1,3,77,Manufacturing Director,7,7,7,7
33,0,Travel Rarely,117,Research & Development,9,3,60,Research Scientist,14,10,4,10
40,0,Travel Rarely,107,Sales,10,3,84,Sales Executive,5,1,1,3
25,0,Travel Rarely,1356,Sales,10,4,57,Sales Executive,4,3,1,1
30,0,Travel Rarely,1465,Research & Development,1,3,63,Research Scientist,11,9,5,7
42,0,Travel Frequently,458,Research & Development,26,5,60,Research Director,1,0,0,0
35,0,Non-Travel,1212,Sales,8,2,78,Sales Executive,13,2,4,12
27,0,Travel Rarely,1103,Research & Development,14,3,42,Research Scientist,9,7,6,8
54,0,Travel Frequently,966,Research & Development,1,4,53,Manufacturing Director,5,4,1,4
44,0,Travel Rarely,1117,Research & Development,2,1,72,Research Scientist,10,5,7,7
19,1,Non-Travel,504,Research & Development,10,3,96,Research Scientist,1,1,0,0
29,0,Travel Rarely,1010,Research & Development,1,3,97,Research Scientist,3,2,1,2
54,0,Travel Rarely,685,Research & Development,3,3,85,Research Director,10,9,0,9
31,0,Travel Rarely,1332,Research & Development,11,2,80,Healthcare Representative,6,5,0,1
31,0,Travel Rarely,1062,Research & Development,24,3,96,Healthcare Representative,10,9,1,8
59,0,Travel Rarely,326,Sales,3,3,48,Sales Executive,6,1,0,5
43,0,Travel Rarely,920,Research & Development,3,3,96,Research Director,8,7,0,7
49,0,Travel Rarely,1098,Research & Development,4,2,85,Manager,1,0,0,0
36,0,Travel Frequently,469,Research & Development,3,3,46,Research Scientist,11,10,0,7
48,0,Travel Rarely,969,Research & Development,2,2,76,Laboratory Technician,1,0,0,0
27,0,Travel Rarely,1167,Research & Development,4,2,76,Research Scientist,5,3,0,3
29,0,Travel Rarely,1329,Research & Development,7,3,82,Healthcare Representative,6,0,1,0
48,0,Travel Rarely,715,Research & Development,1,3,76,Research Director,1,0,0,0
29,0,Travel Rarely,694,Research & Development,1,3,87,Research Director,7,7,1,7
34,0,Travel Rarely,1320,Research & Development,20,3,89,Research Scientist,1,0,0,0
44,0,Travel Rarely,1099,Sales,5,3,88,Manager,22,9,3,10
33,0,Travel Rarely,536,Sales,10,5,82,Sales Executive,9,8,0,8
19,0,Travel Rarely,265,Research & Development,25,3,57,Research Scientist,1,0,0,1
23,0,Travel Rarely,373,Research & Development,1,2,47,Research Scientist,1,0,0,1
25,1,Travel Frequently,599,Sales,24,1,73,Sales Representative,1,0,1,0
26,0,Travel Rarely,583,Research & Development,4,2,53,Research Scientist,8,5,2,2
45,1,Travel Rarely,1449,Sales,2,3,94,Manager,24,10,1,11
55,0,Non-Travel,177,Research & Development,8,1,37,Healthcare Representative,33,9,15,0
21,1,Travel Frequently,251,Research & Development,10,2,45,Laboratory Technician,2,2,2,2
46,0,Travel Rarely,168,Sales,4,2,33,Manager,11,4,0,8
34,0,Travel Rarely,131,Sales,2,3,86,Sales Executive,3,2,0,2
51,0,Travel Frequently,237,Sales,9,3,83,Manager,29,10,11,10
59,0,Travel Rarely,1429,Research & Development,18,4,67,Manufacturing Director,9,7,5,4
34,0,Travel Frequently,135,Research & Development,19,3,46,Laboratory Technician,11,8,5,10
28,0,Travel Frequently,791,Research & Development,1,4,44,Laboratory Technician,4,2,0,2
44,0,Travel Rarely,1199,Research & Development,4,2,92,Manager,25,9,14,13
34,0,Travel Frequently,648,Human Resources,11,3,56,Human Resources,10,9,1,8
35,0,Travel Rarely,735,Research & Development,6,1,66,Research Scientist,3,2,2,2
42,0,Travel Rarely,603,Research & Development,7,4,78,Research Scientist,1,0,0,0
43,0,Travel Rarely,531,Sales,4,4,56,Sales Executive,21,7,15,17
36,0,Travel Rarely,429,Research & Development,2,4,53,Manufacturing Director,16,14,5,12
44,1,Travel Rarely,621,Research & Development,15,3,73,Healthcare Representative,10,7,0,5
28,0,Travel Frequently,193,Research & Development,2,3,52,Laboratory Technician,2,2,2,2
51,0,Travel Frequently,968,Research & Development,6,2,40,Laboratory Technician,7,0,7,7
30,0,Non-Travel,879,Research & Development,9,2,72,Manufacturing Director,8,4,1,7
29,1,Travel Rarely,806,Research & Development,7,3,39,Laboratory Technician,7,7,7,7
28,0,Travel Rarely,640,Research & Development,1,3,84,Research Scientist,3,2,1,2
25,0,Travel Rarely,266,Research & Development,1,3,40,Research Scientist,2,2,2,1
32,0,Travel Rarely,604,Sales,8,3,56,Sales Executive,10,7,0,8
45,0,Travel Frequently,364,Research & Development,25,3,83,Manager,0,0,0,0
39,0,Travel Rarely,412,Research & Development,13,4,94,Manager,19,9,15,2
58,0,Travel Rarely,848,Research & Development,23,4,88,Research Scientist,2,2,2,2
32,1,Travel Rarely,1089,Research & Development,7,2,79,Laboratory Technician,10,4,1,1
39,1,Travel Rarely,360,Research & Development,23,3,93,Research Scientist,5,2,0,3
30,0,Travel Rarely,1138,Research & Development,6,3,48,Laboratory Technician,9,2,6,7
36,0,Travel Rarely,325,Research & Development,10,4,63,Healthcare Representative,7,7,1,7
46,0,Travel Rarely,991,Human Resources,1,2,44,Human Resources,7,6,5,7
28,0,Non-Travel,1476,Research & Development,1,3,55,Laboratory Technician,9,8,7,5
50,0,Travel Rarely,1322,Research & Development,28,3,43,Research Director,3,2,1,2
40,1,Travel Rarely,299,Sales,25,4,57,Sales Executive,5,4,1,0
52,1,Travel Rarely,1030,Sales,5,3,64,Sales Executive,8,7,7,7
30,0,Travel Rarely,634,Research & Development,17,4,95,Manager,9,1,0,8
39,0,Travel Rarely,524,Research & Development,18,2,32,Manufacturing Director,8,7,1,7
31,0,Non-Travel,587,Sales,2,4,57,Sales Executive,10,8,9,6
41,0,Non-Travel,256,Sales,10,2,40,Sales Executive,19,2,11,9
31,1,Travel Frequently,1060,Sales,1,3,54,Sales Representative,3,2,2,2
44,1,Travel Rarely,935,Research & Development,3,3,89,Laboratory Technician,3,2,1,2
42,0,Non-Travel,495,Research & Development,2,1,37,Manager,20,8,2,10
55,0,Travel Rarely,282,Research & Development,2,2,58,Manager,19,9,9,11
56,0,Travel Rarely,206,Human Resources,8,4,99,Manager,7,3,7,7
40,0,Non-Travel,458,Research & Development,16,2,74,Research Scientist,4,2,0,0
34,0,Travel Rarely,943,Research & Development,9,3,86,Healthcare Representative,9,7,1,6
40,0,Travel Rarely,523,Research & Development,2,3,98,Research Scientist,9,8,8,8
41,0,Travel Frequently,1018,Sales,1,3,66,Sales Executive,9,3,1,7
35,0,Travel Frequently,482,Research & Development,4,4,87,Research Scientist,9,6,1,1
51,0,Travel Rarely,770,Human Resources,5,3,84,Manager,33,9,0,10
38,0,Travel Rarely,1009,Sales,2,2,31,Sales Executive,7,7,1,7
34,0,Travel Rarely,507,Sales,15,2,66,Sales Executive,10,8,9,6
25,0,Travel Rarely,882,Research & Development,19,1,67,Laboratory Technician,3,2,1,2
58,1,Travel Rarely,601,Research & Development,7,4,53,Manufacturing Director,10,9,5,9
40,0,Travel Rarely,329,Research & Development,1,4,88,Laboratory Technician,4,2,0,3
36,0,Travel Frequently,607,Sales,7,3,83,Sales Executive,15,7,6,13
48,0,Travel Rarely,855,Research & Development,4,3,54,Manufacturing Director,10,9,0,8
27,0,Travel Rarely,1291,Sales,11,3,98,Sales Representative,1,0,0,0
51,0,Travel Rarely,1405,Research & Development,11,2,82,Manufacturing Director,5,2,0,3
18,0,Non-Travel,1124,Research & Development,1,3,97,Laboratory Technician,0,0,0,0
35,0,Travel Rarely,817,Research & Development,1,3,60,Laboratory Technician,9,7,0,0
27,0,Travel Frequently,793,Sales,2,1,43,Sales Executive,6,2,0,0
55,1,Travel Rarely,267,Sales,13,4,85,Sales Executive,19,7,3,8
56,0,Travel Rarely,1369,Research & Development,23,3,68,Manufacturing Director,19,16,15,9
34,0,Non-Travel,999,Research & Development,26,1,92,Research Scientist,5,4,0,0
40,0,Travel Rarely,1202,Research & Development,2,1,89,Healthcare Representative,12,11,11,8
34,0,Travel Rarely,285,Research & Development,29,3,86,Laboratory Technician,8,7,7,7
31,1,Travel Frequently,703,Sales,2,3,90,Sales Representative,1,0,0,0
35,1,Travel Frequently,662,Sales,18,4,67,Sales Executive,4,2,3,2
38,0,Travel Frequently,693,Research & Development,7,3,57,Research Scientist,4,2,0,3
34,0,Travel Rarely,404,Research & Development,2,4,98,Healthcare Representative,14,11,4,11
28,0,Travel Rarely,736,Sales,26,3,48,Sales Executive,5,3,0,4
31,1,Travel Rarely,330,Research & Development,22,4,98,Manufacturing Director,10,2,6,7
39,0,Travel Rarely,1498,Sales,21,4,44,Sales Executive,5,4,1,4
51,0,Travel Frequently,541,Sales,2,3,52,Sales Executive,4,2,3,2
41,0,Travel Frequently,1200,Research & Development,22,3,75,Research Scientist,6,2,3,3
37,0,Travel Rarely,1439,Research & Development,4,1,54,Research Scientist,6,4,1,3
33,0,Travel Frequently,1111,Sales,5,1,61,Sales Executive,5,4,1,2
32,0,Travel Rarely,499,Sales,2,1,36,Sales Executive,3,2,1,2
39,0,Non-Travel,1485,Research & Development,25,2,71,Healthcare Representative,6,4,0,5
25,0,Travel Rarely,1372,Sales,18,1,93,Sales Executive,3,2,1,2
52,0,Travel Frequently,322,Research & Development,28,2,59,Manufacturing Director,5,3,0,2
43,0,Travel Rarely,930,Research & Development,6,3,73,Research Scientist,20,7,1,8
27,0,Travel Rarely,205,Sales,10,3,98,Sales Executive,6,2,4,4
27,1,Travel Rarely,135,Research & Development,17,4,51,Research Scientist,8,2,7,7
26,0,Travel Rarely,683,Research & Development,2,1,36,Research Scientist,4,3,1,1
42,0,Travel Rarely,1147,Human Resources,10,3,31,Manager,20,7,0,9
52,0,Travel Rarely,258,Research & Development,8,4,54,Laboratory Technician,5,4,0,4
37,0,Travel Rarely,1462,Research & Development,11,3,94,Laboratory Technician,3,2,0,2
35,0,Travel Frequently,200,Research & Development,18,2,60,Manufacturing Director,2,2,2,2
25,0,Travel Rarely,949,Research & Development,1,3,81,Laboratory Technician,3,2,0,2
26,0,Travel Rarely,652,Research & Development,7,3,100,Laboratory Technician,7,7,0,7
29,0,Travel Rarely,332,Human Resources,17,3,51,Human Resources,10,9,0,9
49,1,Travel Frequently,1475,Research & Development,28,2,97,Laboratory Technician,4,3,1,3
29,1,Travel Frequently,337,Research & Development,14,1,84,Healthcare Representative,8,7,7,7
54,0,Travel Rarely,971,Research & Development,1,3,54,Research Director,20,7,12,7
58,0,Travel Rarely,1055,Research & Development,1,3,76,Research Director,9,8,1,5
55,0,Travel Rarely,1136,Research & Development,1,4,81,Research Director,7,7,0,0
36,0,Travel Rarely,1174,Sales,3,4,99,Sales Executive,5,4,0,1
31,1,Travel Frequently,667,Sales,1,4,50,Sales Representative,1,0,0,0
30,0,Travel Rarely,855,Sales,7,4,73,Sales Executive,3,2,0,2
31,0,Travel Rarely,182,Research & Development,8,5,93,Research Director,3,2,1,0
34,0,Travel Frequently,560,Research & Development,1,4,91,Research Scientist,4,3,1,3
31,1,Travel Rarely,202,Research & Development,8,3,34,Research Scientist,1,0,0,0
27,0,Travel Rarely,1377,Research & Development,11,1,91,Laboratory Technician,5,0,1,4
36,0,Travel Rarely,172,Research & Development,4,4,37,Laboratory Technician,10,4,1,8
36,0,Travel Rarely,329,Sales,16,4,98,Sales Executive,3,2,0,2
47,0,Travel Rarely,465,Research & Development,1,3,74,Research Scientist,6,5,1,2
25,1,Travel Rarely,383,Sales,9,2,68,Sales Representative,3,2,2,2
37,0,Non-Travel,1413,Research & Development,5,2,84,Laboratory Technician,6,5,1,3
56,0,Travel Rarely,1255,Research & Development,1,2,90,Research Scientist,3,2,1,0
47,0,Travel Rarely,359,Research & Development,2,4,82,Research Director,20,17,5,6
24,0,Travel Rarely,1476,Sales,4,1,42,Sales Executive,5,4,0,3
32,0,Travel Rarely,601,Sales,7,5,97,Sales Executive,4,3,0,3
34,0,Travel Rarely,401,Research & Development,1,3,86,Laboratory Technician,5,4,0,2
41,0,Travel Rarely,1283,Research & Development,5,5,90,Research Scientist,4,2,0,3
40,0,Non-Travel,663,Research & Development,9,4,81,Laboratory Technician,8,7,0,7
31,0,Travel Rarely,326,Sales,8,2,31,Sales Executive,13,7,9,9
46,1,Travel Rarely,377,Sales,9,3,52,Sales Executive,7,7,4,3
39,1,Non-Travel,592,Research & Development,2,3,54,Laboratory Technician,1,0,0,0
31,1,Travel Frequently,1445,Research & Development,1,5,100,Manufacturing Director,10,8,4,7
45,0,Travel Rarely,1038,Research & Development,20,3,95,Healthcare Representative,7,7,0,7
31,0,Travel Rarely,1398,Human Resources,8,2,96,Human Resources,3,2,0,2
31,1,Travel Frequently,523,Research & Development,2,3,94,Laboratory Technician,2,2,2,2
45,0,Travel Rarely,1448,Research & Development,29,3,55,Manufacturing Director,3,1,1,2
48,0,Travel Rarely,1221,Sales,7,3,96,Sales Executive,2,2,2,2
34,1,Travel Rarely,1107,Human Resources,9,4,52,Human Resources,2,2,2,2
40,0,Non-Travel,218,Research & Development,8,1,55,Research Director,9,8,4,8
28,0,Travel Rarely,866,Sales,5,3,84,Sales Executive,5,4,1,3
44,0,Non-Travel,981,Research & Development,5,3,90,Laboratory Technician,5,2,0,3
53,0,Travel Rarely,447,Research & Development,2,3,39,Research Director,9,8,8,8
49,0,Travel Rarely,1495,Research & Development,5,4,96,Healthcare Representative,3,2,1,2
40,0,Travel Rarely,896,Research & Development,2,3,68,Research Scientist,3,1,1,2
44,0,Travel Rarely,1467,Research & Development,20,3,49,Research Scientist,5,2,1,3
33,0,Travel Frequently,430,Sales,7,3,54,Sales Executive,4,3,0,3
34,0,Travel Rarely,1326,Sales,3,3,81,Sales Executive,13,9,3,12
30,0,Travel Rarely,1358,Sales,16,1,96,Sales Executive,2,1,2,2
42,0,Travel Frequently,748,Research & Development,9,2,74,Laboratory Technician,12,9,5,8
44,0,Travel Frequently,383,Sales,1,5,79,Sales Executive,1,0,0,0
30,0,Non-Travel,990,Research & Development,7,3,64,Research Scientist,1,0,0,0
57,0,Travel Rarely,405,Research & Development,1,2,93,Research Scientist,12,9,2,8
49,0,Travel Rarely,1490,Research & Development,7,4,35,Healthcare Representative,8,7,0,7
34,0,Travel Frequently,829,Research & Development,15,3,71,Research Director,14,8,6,9
28,1,Travel Frequently,1496,Sales,1,3,92,Sales Representative,3,2,1,2
29,1,Travel Frequently,115,Sales,13,3,51,Sales Executive,5,3,0,0
34,1,Travel Rarely,790,Sales,24,4,40,Sales Executive,15,9,10,10
35,0,Travel Rarely,660,Sales,7,1,76,Sales Representative,1,0,0,0
24,1,Travel Frequently,381,Research & Development,9,3,89,Laboratory Technician,0,0,0,0
24,0,Non-Travel,830,Sales,13,2,78,Sales Representative,1,0,0,0
44,0,Travel Frequently,1193,Research & Development,2,1,86,Manufacturing Director,2,2,2,2
29,0,Travel Rarely,1246,Sales,19,3,77,Sales Executive,10,7,0,4
30,0,Travel Rarely,330,Human Resources,1,3,46,Human Resources,5,3,1,3
55,0,Travel Rarely,1229,Research & Development,4,4,30,Healthcare Representative,3,2,1,2
33,0,Travel Rarely,1099,Research & Development,4,4,82,Laboratory Technician,5,4,0,2
47,0,Travel Rarely,571,Sales,14,3,78,Sales Executive,5,4,1,2
28,1,Travel Frequently,289,Research & Development,2,2,38,Laboratory Technician,0,0,0,0
28,0,Travel Rarely,1423,Research & Development,1,3,72,Research Scientist,1,0,0,0
28,0,Travel Frequently,467,Sales,7,3,55,Sales Executive,4,2,1,3
49,0,Travel Rarely,271,Research & Development,3,2,43,Laboratory Technician,3,2,1,2
29,0,Travel Frequently,410,Research & Development,2,1,97,Laboratory Technician,3,2,0,2
28,0,Travel Rarely,1083,Research & Development,29,1,96,Manufacturing Director,8,6,1,7
33,0,Travel Rarely,516,Research & Development,8,5,69,Healthcare Representative,0,0,0,0
32,0,Travel Rarely,495,Research & Development,10,3,64,Manager,5,2,0,0
54,0,Travel Frequently,1050,Research & Development,11,4,87,Manager,14,9,1,12
29,1,Travel Rarely,224,Research & Development,1,4,100,Research Scientist,9,7,0,7
44,0,Travel Rarely,136,Research & Development,28,3,32,Research Director,20,6,14,17
39,0,Travel Rarely,1089,Research & Development,6,3,32,Manufacturing Director,2,0,2,2
46,0,Travel Rarely,228,Sales,3,3,51,Manager,13,12,5,1
35,0,Travel Rarely,1029,Research & Development,16,3,91,Healthcare Representative,11,8,3,3
23,0,Travel Rarely,507,Research & Development,20,1,97,Laboratory Technician,4,3,1,2
40,1,Travel Rarely,676,Research & Development,9,4,86,Laboratory Technician,5,4,1,0
34,0,Travel Rarely,971,Sales,1,3,64,Sales Executive,10,9,8,6
31,1,Travel Frequently,561,Research & Development,3,3,33,Research Scientist,7,2,7,7
50,0,Travel Frequently,333,Research & Development,22,5,88,Research Director,32,6,13,9
34,0,Travel Rarely,1440,Sales,7,2,55,Sales Representative,11,10,5,7
42,0,Travel Rarely,1210,Research & Development,2,3,68,Laboratory Technician,1,0,0,0
37,0,Travel Rarely,674,Research & Development,13,3,47,Research Scientist,10,8,3,7
29,0,Travel Rarely,441,Research & Development,8,1,39,Healthcare Representative,7,7,0,7
33,0,Travel Rarely,575,Research & Development,25,3,44,Manufacturing Director,5,3,0,2
45,0,Travel Rarely,950,Research & Development,28,3,97,Research Scientist,5,4,0,3
42,0,Travel Frequently,288,Research & Development,2,3,40,Healthcare Representative,20,8,13,9
40,0,Travel Rarely,1342,Sales,9,2,47,Sales Executive,8,4,7,1
33,0,Travel Rarely,589,Research & Development,28,4,79,Laboratory Technician,15,14,5,7
40,0,Travel Rarely,898,Human Resources,6,2,38,Manager,21,7,7,7
24,0,Travel Rarely,350,Research & Development,21,2,57,Laboratory Technician,1,1,0,0
40,0,Non-Travel,1142,Research & Development,8,2,72,Healthcare Representative,2,2,2,2
45,0,Travel Rarely,538,Research & Development,1,4,66,Healthcare Representative,10,8,7,7
35,0,Travel Rarely,1402,Sales,28,4,98,Sales Representative,5,3,4,2
32,0,Travel Rarely,824,Research & Development,5,2,67,Research Scientist,7,1,2,5
36,0,Travel Rarely,1157,Sales,2,4,70,Sales Representative,3,2,1,2
48,0,Travel Rarely,492,Sales,16,4,96,Sales Executive,8,7,7,7
29,0,Travel Rarely,598,Research & Development,9,3,91,Research Scientist,1,0,0,0
33,0,Travel Rarely,1242,Sales,8,4,46,Sales Executive,2,2,2,2
30,1,Travel Rarely,740,Sales,1,3,64,Sales Executive,10,8,6,7
38,0,Travel Frequently,888,Human Resources,10,4,71,Human Resources,6,3,1,2
35,0,Travel Rarely,992,Research & Development,1,3,68,Laboratory Technician,3,0,1,2
30,0,Travel Rarely,1288,Sales,29,4,33,Sales Executive,4,2,1,3
35,1,Travel Rarely,104,Research & Development,2,3,69,Laboratory Technician,1,0,0,0
53,1,Travel Rarely,607,Research & Development,2,5,78,Manufacturing Director,33,7,1,9
38,1,Travel Rarely,903,Research & Development,2,3,81,Manufacturing Director,5,2,1,4
32,0,Non-Travel,1200,Research & Development,1,4,62,Research Scientist,6,5,1,2
48,0,Travel Rarely,1108,Research & Development,15,4,65,Research Scientist,8,2,7,6
34,0,Travel Rarely,479,Research & Development,7,4,35,Research Scientist,1,0,0,0
55,0,Travel Rarely,685,Sales,26,5,60,Manager,36,6,2,13
34,0,Travel Rarely,1351,Research & Development,1,4,45,Research Scientist,2,2,2,1
26,0,Travel Rarely,474,Research & Development,3,3,89,Research Scientist,1,0,0,0
38,0,Travel Rarely,1245,Sales,14,3,80,Sales Executive,9,8,7,7
38,0,Travel Rarely,437,Sales,16,3,90,Sales Executive,3,2,1,2
36,0,Travel Rarely,884,Sales,1,4,73,Sales Executive,1,0,0,0
29,0,Travel Rarely,1370,Research & Development,3,1,87,Laboratory Technician,10,9,1,5
35,0,Travel Rarely,670,Research & Development,10,4,51,Healthcare Representative,5,2,0,4
39,0,Travel Rarely,1462,Sales,6,3,38,Sales Executive,7,6,7,6
29,0,Travel Frequently,995,Research & Development,2,1,87,Healthcare Representative,6,4,1,3
50,0,Travel Rarely,264,Sales,9,3,59,Manager,1,0,0,0
23,0,Travel Rarely,977,Research & Development,10,3,45,Research Scientist,2,2,2,2
36,0,Travel Frequently,1302,Research & Development,6,4,80,Laboratory Technician,3,2,0,2
42,0,Travel Rarely,1059,Research & Development,9,2,93,Manager,1,0,0,1
35,0,Travel Rarely,750,Research & Development,28,3,46,Laboratory Technician,10,9,6,8
34,0,Travel Frequently,653,Research & Development,10,4,92,Healthcare Representative,8,2,7,7
40,0,Travel Rarely,118,Sales,14,2,84,Sales Executive,5,4,1,2
43,0,Travel Rarely,990,Research & Development,27,3,87,Laboratory Technician,6,4,0,2
35,0,Travel Rarely,1349,Research & Development,7,2,63,Laboratory Technician,1,0,0,1
46,0,Travel Rarely,563,Sales,1,4,56,Manager,26,0,0,12
28,1,Travel Rarely,329,Research & Development,24,3,51,Laboratory Technician,1,1,0,0
22,0,Non-Travel,457,Research & Development,26,2,85,Research Scientist,4,2,1,3
50,0,Travel Frequently,1234,Research & Development,20,5,41,Healthcare Representative,30,8,12,13
32,0,Travel Rarely,634,Research & Development,5,4,35,Research Scientist,3,2,0,2
44,0,Travel Rarely,1313,Research & Development,7,3,31,Research Director,22,7,1,10
30,0,Travel Rarely,241,Research & Development,7,3,48,Research Scientist,6,4,1,1
45,0,Travel Rarely,1015,Research & Development,5,5,50,Laboratory Technician,10,7,1,4
45,0,Non-Travel,336,Sales,26,3,52,Sales Executive,10,7,4,5
31,0,Travel Frequently,715,Sales,2,4,54,Sales Executive,5,2,0,3
36,0,Travel Rarely,559,Research & Development,12,4,76,Manufacturing Director,3,2,1,1
34,0,Travel Frequently,426,Research & Development,10,4,42,Manufacturing Director,9,7,7,2
49,0,Travel Rarely,722,Research & Development,25,4,84,Laboratory Technician,9,6,1,4
39,0,Travel Rarely,1387,Research & Development,10,5,76,Manufacturing Director,7,7,7,7
27,0,Travel Rarely,1302,Research & Development,19,3,67,Laboratory Technician,7,7,0,7
35,0,Travel Rarely,819,Research & Development,18,5,48,Research Scientist,16,15,1,10
28,0,Travel Rarely,580,Research & Development,27,3,39,Manufacturing Director,5,3,0,0
21,0,Travel Rarely,546,Research & Development,5,1,97,Research Scientist,2,2,2,2
18,1,Travel Frequently,544,Sales,3,2,70,Sales Representative,0,0,0,0
47,0,Travel Rarely,1176,Human Resources,26,4,98,Manager,5,2,1,0
39,0,Travel Rarely,170,Research & Development,3,2,76,Laboratory Technician,10,8,0,7
40,0,Travel Rarely,884,Research & Development,15,3,80,Manufacturing Director,18,15,14,12
35,0,Non-Travel,208,Research & Development,8,4,52,Healthcare Representative,14,11,2,9
37,0,Travel Rarely,671,Research & Development,19,3,85,Manufacturing Director,4,3,0,2
39,0,Travel Frequently,711,Research & Development,4,3,81,Manufacturing Director,9,2,3,8
45,0,Travel Rarely,1329,Research & Development,2,2,59,Manufacturing Director,10,7,3,9
38,0,Travel Rarely,397,Research & Development,2,2,54,Manufacturing Director,5,4,0,2
35,1,Travel Rarely,737,Sales,10,3,55,Sales Executive,13,12,6,0
37,0,Travel Rarely,1470,Research & Development,10,3,71,Research Scientist,8,4,7,7
40,0,Travel Rarely,448,Research & Development,16,3,84,Manufacturing Director,4,2,3,3
44,0,Travel Frequently,602,Human Resources,1,5,37,Human Resources,10,7,0,2
48,0,Travel Frequently,365,Research & Development,4,5,89,Manager,2,2,2,2
35,1,Travel Rarely,763,Sales,15,2,59,Sales Executive,2,2,2,2
24,0,Travel Frequently,567,Research & Development,2,1,32,Research Scientist,6,3,1,3
27,0,Travel Rarely,486,Research & Development,8,3,86,Research Scientist,3,2,0,2
27,0,Travel Frequently,591,Research & Development,2,3,87,Research Scientist,4,2,1,2
40,1,Travel Rarely,1329,Research & Development,7,3,73,Laboratory Technician,4,2,0,3
29,0,Travel Rarely,469,Sales,10,3,42,Sales Executive,5,2,1,4
36,0,Travel Rarely,711,Research & Development,5,4,42,Healthcare Representative,3,2,0,2
25,0,Travel Frequently,772,Research & Development,2,1,77,Manufacturing Director,7,7,0,7
39,0,Travel Rarely,492,Research & Development,12,3,66,Manufacturing Director,5,4,1,0
49,0,Travel Rarely,301,Research & Development,22,4,72,Research Director,4,2,1,2
50,0,Travel Rarely,813,Research & Development,17,5,50,Research Director,14,11,1,11
20,0,Travel Rarely,1141,Sales,2,3,31,Sales Representative,2,2,2,2
34,0,Travel Rarely,1130,Research & Development,3,3,66,Research Scientist,11,8,7,9
36,0,Travel Rarely,311,Research & Development,7,3,77,Laboratory Technician,4,3,1,3
49,0,Travel Rarely,465,Research & Development,6,1,41,Healthcare Representative,15,11,2,12
36,0,Non-Travel,894,Research & Development,1,4,33,Manufacturing Director,3,2,1,2
36,0,Travel Rarely,1040,Research & Development,3,2,79,Healthcare Representative,5,4,0,4
54,0,Travel Rarely,584,Research & Development,22,5,91,Manager,10,8,4,7
43,0,Travel Rarely,1291,Research & Development,15,2,65,Research Director,14,10,6,11
35,1,Travel Frequently,880,Sales,12,4,36,Sales Executive,11,9,6,7
38,0,Travel Frequently,1189,Research & Development,1,3,90,Research Scientist,13,11,2,9
29,0,Travel Rarely,991,Sales,5,3,43,Sales Executive,10,0,0,9
33,0,Travel Rarely,392,Sales,2,4,93,Sales Executive,6,2,0,4
32,0,Travel Rarely,977,Research & Development,2,3,45,Research Scientist,9,5,1,6
31,0,Travel Rarely,1112,Sales,5,4,67,Sales Executive,10,0,0,2
49,0,Travel Rarely,464,Research & Development,16,3,74,Laboratory Technician,2,2,2,2
38,0,Travel Frequently,148,Research & Development,2,3,42,Laboratory Technician,4,3,3,3
47,0,Travel Rarely,1225,Sales,2,4,47,Manager,3,2,1,2
49,0,Travel Rarely,809,Research & Development,1,3,36,Manager,8,7,0,0
41,0,Travel Rarely,1206,Sales,23,2,80,Sales Executive,2,0,0,2
20,0,Travel Rarely,727,Sales,9,1,54,Sales Representative,2,2,0,2
33,0,Non-Travel,530,Sales,16,3,36,Sales Executive,6,5,1,2
36,0,Travel Rarely,1351,Research & Development,26,4,80,Healthcare Representative,3,2,0,2
44,0,Travel Rarely,528,Human Resources,1,3,44,Human Resources,2,2,2,2
23,1,Travel Rarely,1320,Research & Development,8,1,93,Laboratory Technician,5,4,1,2
38,0,Travel Rarely,1495,Research & Development,4,2,87,Laboratory Technician,0,0,0,0
53,0,Travel Rarely,1395,Research & Development,24,4,48,Healthcare Representative,4,3,1,2
48,1,Travel Frequently,708,Sales,7,2,95,Sales Representative,9,7,7,7
32,1,Travel Rarely,1259,Research & Development,2,4,95,Laboratory Technician,1,0,0,0
26,0,Non-Travel,786,Research & Development,7,3,76,Laboratory Technician,7,7,5,7
55,0,Travel Rarely,1441,Research & Development,22,3,94,Research Scientist,4,2,1,2
34,0,Travel Rarely,1157,Research & Development,5,2,57,Laboratory Technician,15,10,4,13
60,0,Travel Rarely,370,Research & Development,1,4,92,Healthcare Representative,1,0,0,0
33,0,Travel Rarely,267,Research & Development,21,3,79,Laboratory Technician,14,11,2,13
37,0,Travel Frequently,1278,Sales,1,4,31,Sales Executive,6,3,1,3
34,0,Travel Rarely,678,Research & Development,19,3,35,Research Scientist,10,9,8,7
23,1,Travel Rarely,427,Sales,7,3,99,Sales Representative,3,2,0,2
44,0,Travel Rarely,921,Research & Development,2,3,96,Healthcare Representative,8,7,6,7
35,0,Travel Frequently,146,Research & Development,2,4,79,Research Scientist,5,4,1,4
43,0,Travel Rarely,1179,Sales,2,3,73,Sales Executive,10,9,8,8
24,0,Travel Rarely,581,Research & Development,9,3,62,Research Scientist,5,3,0,4
41,0,Travel Rarely,918,Sales,6,3,35,Sales Executive,10,8,8,7
29,0,Travel Rarely,1082,Research & Development,9,4,43,Laboratory Technician,5,3,1,2
36,0,Travel Rarely,530,Sales,2,4,51,Sales Representative,13,7,6,7
45,0,Non-Travel,1238,Research & Development,1,1,74,Healthcare Representative,23,15,14,4
24,1,Travel Rarely,240,Human Resources,22,1,58,Human Resources,1,0,0,0
47,1,Travel Frequently,1093,Sales,9,3,82,Sales Executive,23,5,14,10
26,0,Travel Rarely,390,Research & Development,17,4,62,Laboratory Technician,3,2,0,2
45,0,Travel Rarely,1005,Research & Development,28,2,48,Research Director,21,6,8,6
32,0,Travel Frequently,585,Research & Development,10,3,56,Research Scientist,5,2,1,3
31,0,Travel Rarely,741,Research & Development,2,4,69,Laboratory Technician,5,2,0,3
41,0,Non-Travel,552,Human Resources,4,3,60,Human Resources,3,2,1,2
40,0,Travel Rarely,369,Research & Development,8,2,92,Manufacturing Director,1,0,0,0
24,0,Travel Rarely,506,Research & Development,29,1,91,Laboratory Technician,6,2,1,2
46,0,Travel Rarely,717,Research & Development,13,4,34,Healthcare Representative,10,7,0,9
35,0,Travel Rarely,1370,Research & Development,27,4,49,Manufacturing Director,7,7,0,7
30,0,Travel Rarely,793,Research & Development,16,1,33,Research Scientist,10,0,0,8
47,0,Non-Travel,543,Sales,2,4,87,Sales Executive,1,0,0,0
46,0,Travel Rarely,1277,Sales,2,3,74,Sales Executive,10,6,0,3
36,1,Travel Rarely,1456,Sales,13,5,96,Sales Executive,2,2,2,2
32,1,Travel Rarely,964,Sales,1,2,34,Sales Executive,0,0,0,0
23,0,Travel Rarely,160,Research & Development,4,1,51,Laboratory Technician,3,2,1,2
31,0,Travel Frequently,163,Research & Development,24,1,30,Manufacturing Director,5,4,1,4
39,0,Non-Travel,792,Research & Development,1,3,77,Laboratory Technician,9,8,5,8
32,0,Travel Rarely,371,Sales,19,3,80,Sales Executive,4,3,0,2
40,0,Travel Rarely,611,Sales,7,4,88,Manager,21,8,12,8
45,0,Travel Rarely,176,Human Resources,4,3,56,Human Resources,5,0,0,3
30,0,Travel Frequently,1312,Research & Development,2,4,78,Research Scientist,9,7,0,7
24,0,Travel Frequently,897,Human Resources,10,3,59,Human Resources,2,2,2,1
30,1,Travel Frequently,600,Human Resources,8,3,66,Human Resources,4,2,1,2
31,0,Travel Rarely,1003,Sales,5,3,51,Sales Executive,5,2,0,2
27,0,Travel Rarely,1054,Research & Development,8,3,67,Research Scientist,6,2,1,4
29,1,Travel Rarely,428,Sales,9,3,52,Sales Representative,2,2,2,2
29,0,Travel Frequently,461,Research & Development,1,3,70,Healthcare Representative,3,2,0,2
30,0,Travel Rarely,979,Sales,15,2,94,Sales Executive,7,7,1,7
34,0,Travel Rarely,181,Research & Development,2,4,97,Research Scientist,5,0,1,2
33,0,Non-Travel,1283,Sales,2,3,62,Sales Executive,11,7,1,7
49,0,Travel Rarely,1313,Sales,11,4,80,Sales Executive,5,1,0,4
33,1,Travel Rarely,211,Sales,16,3,74,Sales Executive,0,0,0,0
38,0,Travel Frequently,594,Research & Development,2,2,75,Laboratory Technician,6,1,0,5
31,1,Travel Rarely,1079,Sales,16,4,70,Sales Executive,1,0,0,0
29,0,Travel Rarely,590,Research & Development,4,3,91,Research Scientist,1,0,0,0
30,0,Travel Rarely,305,Research & Development,16,3,58,Healthcare Representative,7,0,1,7
32,0,Non-Travel,953,Research & Development,5,4,65,Research Scientist,7,7,0,7
38,0,Travel Rarely,833,Research & Development,18,3,60,Healthcare Representative,1,0,1,0
43,1,Travel Frequently,807,Research & Development,17,3,38,Research Scientist,1,0,0,0
42,0,Travel Rarely,855,Research & Development,12,3,57,Laboratory Technician,5,3,0,4
55,0,Travel Rarely,478,Research & Development,2,3,60,Research Director,1,0,0,0
33,0,Non-Travel,775,Research & Development,4,3,90,Research Scientist,9,8,1,7
41,0,Travel Rarely,548,Research & Development,9,4,94,Laboratory Technician,5,3,0,4
34,0,Non-Travel,1375,Sales,10,3,87,Sales Executive,15,14,0,7
53,0,Non-Travel,661,Research & Development,1,4,60,Manufacturing Director,3,2,0,2
43,0,Travel Rarely,244,Human Resources,2,3,97,Human Resources,9,7,1,8
34,0,Travel Rarely,511,Sales,3,2,32,Sales Executive,2,2,2,2
21,1,Travel Rarely,337,Sales,7,1,31,Sales Representative,1,0,1,0
38,0,Travel Rarely,1153,Research & Development,6,2,40,Laboratory Technician,5,4,0,4
22,1,Travel Rarely,1294,Research & Development,8,1,79,Laboratory Technician,1,0,0,0
31,0,Travel Rarely,196,Sales,29,4,91,Sales Executive,12,7,5,7
51,0,Travel Rarely,942,Research & Development,3,3,53,Manager,2,2,2,2
37,0,Travel Rarely,589,Sales,9,2,46,Sales Executive,5,2,0,3
46,0,Travel Rarely,734,Research & Development,2,4,46,Research Director,2,1,2,2
36,0,Travel Rarely,1383,Research & Development,10,3,90,Healthcare Representative,12,8,5,7
44,1,Travel Frequently,429,Research & Development,1,2,99,Research Scientist,5,3,2,3
37,0,Travel Rarely,1239,Human Resources,8,2,89,Human Resources,10,0,4,7
35,1,Travel Rarely,303,Sales,27,3,84,Sales Executive,10,7,7,7
33,0,Travel Rarely,867,Research & Development,8,4,90,Research Scientist,10,8,7,6
28,0,Travel Rarely,1181,Research & Development,1,3,82,Research Scientist,5,3,0,3
39,0,Travel Rarely,1253,Research & Development,10,1,65,Research Director,4,3,2,2
46,0,Non-Travel,849,Sales,26,2,98,Sales Executive,2,2,2,2
40,0,Travel Rarely,616,Research & Development,2,2,99,Laboratory Technician,4,3,0,2
42,0,Travel Rarely,1128,Research & Development,13,3,95,Healthcare Representative,0,0,0,0
35,0,Non-Travel,1180,Research & Development,2,2,90,Manufacturing Director,7,7,1,7
38,0,Non-Travel,1336,Human Resources,2,3,100,Human Resources,11,10,3,8
34,1,Travel Frequently,234,Research & Development,9,4,93,Laboratory Technician,7,1,0,7
37,1,Travel Rarely,370,Research & Development,10,4,58,Manufacturing Director,10,3,0,8
39,0,Travel Frequently,766,Sales,20,3,83,Sales Executive,2,1,2,2
43,0,Non-Travel,343,Research & Development,9,3,52,Research Scientist,3,2,1,2
41,0,Travel Rarely,447,Research & Development,5,3,85,Healthcare Representative,3,2,1,2
41,0,Travel Rarely,796,Sales,4,1,81,Sales Executive,22,14,13,5
30,0,Travel Rarely,1092,Research & Development,10,3,64,Manufacturing Director,7,7,0,2
26,1,Travel Rarely,920,Human Resources,20,2,69,Human Resources,5,1,1,4
46,1,Travel Rarely,261,Research & Development,21,2,66,Healthcare Representative,9,7,3,7
40,0,Travel Rarely,1194,Research & Development,1,3,52,Healthcare Representative,5,3,0,3
34,0,Travel Rarely,810,Sales,8,2,92,Sales Executive,10,8,4,8
58,0,Non-Travel,350,Sales,2,3,52,Manager,16,9,14,14
35,0,Travel Rarely,185,Research & Development,23,4,91,Laboratory Technician,5,4,0,3
47,0,Travel Rarely,1001,Research & Development,4,3,92,Manufacturing Director,22,11,14,10
40,0,Travel Rarely,750,Research & Development,12,3,47,Healthcare Representative,7,4,7,7
54,0,Travel Rarely,431,Research & Development,7,4,68,Research Scientist,7,1,1,7
31,0,Travel Frequently,1125,Sales,7,4,68,Sales Executive,3,2,2,2
28,0,Travel Rarely,1217,Research & Development,1,3,67,Research Scientist,3,2,1,2
38,0,Travel Rarely,723,Sales,2,4,77,Sales Representative,4,2,0,3
26,0,Travel Rarely,572,Sales,10,3,46,Sales Executive,5,3,1,2
58,0,Travel Frequently,1216,Research & Development,15,4,87,Research Director,2,2,2,2
18,0,Non-Travel,1431,Research & Development,14,3,33,Research Scientist,0,0,0,0
31,1,Travel Rarely,359,Human Resources,18,5,89,Human Resources,1,0,0,0
29,1,Travel Rarely,350,Human Resources,13,3,56,Human Resources,2,2,2,0
45,0,Non-Travel,589,Sales,2,4,67,Sales Executive,8,7,5,7
36,0,Travel Rarely,430,Research & Development,2,4,73,Research Scientist,1,0,0,0
43,0,Travel Frequently,1422,Sales,2,4,92,Sales Executive,7,7,7,7
27,0,Travel Frequently,1297,Research & Development,5,2,53,Laboratory Technician,5,4,0,2
29,0,Travel Frequently,574,Research & Development,20,1,40,Laboratory Technician,11,8,3,10
32,0,Travel Frequently,1318,Sales,10,4,79,Sales Executive,0,0,0,0
42,0,Non-Travel,355,Research & Development,10,4,38,Research Scientist,6,3,3,3
47,0,Travel Rarely,207,Research & Development,9,4,64,Laboratory Technician,2,2,2,0
46,0,Travel Rarely,706,Research & Development,2,2,82,Manufacturing Director,9,8,4,7
28,0,Non-Travel,280,Human Resources,1,2,43,Human Resources,3,2,2,2
29,0,Travel Rarely,726,Research & Development,29,1,93,Healthcare Representative,7,0,1,6
42,0,Travel Rarely,1142,Research & Development,8,3,81,Laboratory Technician,0,0,0,0
32,1,Travel Rarely,414,Sales,2,4,82,Sales Executive,2,2,2,2
46,0,Travel Rarely,1319,Sales,3,3,45,Sales Executive,19,17,2,8
27,0,Travel Rarely,728,Sales,23,1,36,Sales Representative,9,8,5,8
29,0,Travel Rarely,352,Human Resources,6,1,87,Human Resources,1,0,0,0
43,0,Travel Rarely,823,Research & Development,6,3,81,Manager,16,12,6,14
48,0,Travel Rarely,1224,Research & Development,10,3,91,Research Director,22,10,12,9
29,1,Travel Frequently,459,Research & Development,24,2,73,Research Scientist,1,0,1,0
46,1,Travel Rarely,1254,Sales,10,3,64,Sales Executive,8,7,0,7
27,0,Travel Frequently,1131,Research & Development,15,3,77,Research Scientist,7,6,7,3
39,0,Travel Rarely,835,Research & Development,19,4,41,Research Scientist,2,2,2,2
55,0,Travel Rarely,836,Research & Development,2,4,98,Research Scientist,5,2,0,4
28,0,Travel Rarely,1172,Sales,3,3,78,Sales Representative,1,0,0,0
30,1,Travel Rarely,945,Sales,9,3,89,Sales Representative,1,0,0,0
22,1,Travel Rarely,391,Research & Development,7,1,75,Research Scientist,1,0,0,0
36,0,Travel Rarely,1266,Sales,10,4,63,Sales Executive,10,9,1,7
31,0,Travel Rarely,311,Research & Development,20,3,89,Laboratory Technician,10,8,0,2
34,0,Travel Rarely,1480,Sales,4,3,64,Sales Executive,5,3,1,0
29,0,Travel Rarely,592,Research & Development,7,3,59,Laboratory Technician,3,2,1,2
37,0,Travel Rarely,783,Research & Development,7,4,78,Research Scientist,5,3,0,4
35,0,Travel Rarely,219,Research & Development,16,2,44,Manufacturing Director,3,2,0,2
45,0,Travel Rarely,556,Research & Development,25,2,93,Manufacturing Director,9,8,3,8
36,0,Travel Frequently,1213,Human Resources,2,1,94,Human Resources,10,1,0,8
40,0,Travel Rarely,1137,Research & Development,1,4,98,Manager,19,7,11,16
26,0,Travel Rarely,482,Research & Development,1,2,90,Research Scientist,1,0,1,0
27,0,Travel Rarely,511,Sales,2,2,89,Sales Executive,8,7,0,7
48,0,Travel Frequently,117,Research & Development,22,3,58,Manager,22,17,4,7
44,0,Travel Rarely,170,Research & Development,1,4,78,Healthcare Representative,2,0,2,2
34,1,Non-Travel,967,Research & Development,16,4,85,Research Scientist,5,2,3,0
56,1,Travel Rarely,1162,Research & Development,24,2,97,Laboratory Technician,4,2,1,0
36,0,Travel Rarely,335,Sales,17,2,33,Sales Executive,4,2,1,3
41,0,Travel Rarely,337,Sales,8,3,54,Sales Executive,5,4,1,4
42,0,Travel Rarely,1396,Research & Development,6,3,83,Research Director,13,7,5,7
31,0,Travel Rarely,1079,Sales,10,2,86,Sales Executive,5,2,1,4
34,0,Travel Rarely,735,Sales,3,1,75,Sales Executive,4,2,0,1
31,0,Travel Rarely,471,Research & Development,4,3,62,Laboratory Technician,2,2,2,2
26,0,Travel Frequently,1096,Research & Development,6,3,61,Laboratory Technician,7,7,7,7
45,0,Travel Frequently,1297,Research & Development,1,4,44,Healthcare Representative,4,2,0,3
33,0,Travel Rarely,217,Sales,10,4,43,Sales Executive,10,4,0,9
28,0,Travel Frequently,783,Sales,1,2,42,Sales Executive,7,7,0,7
29,1,Travel Frequently,746,Sales,24,3,45,Sales Representative,1,0,0,0
39,0,Non-Travel,1251,Sales,21,4,32,Sales Executive,3,2,1,2
27,0,Travel Rarely,1354,Research & Development,2,4,41,Research Scientist,5,3,1,2
34,0,Travel Frequently,735,Research & Development,22,4,86,Research Scientist,15,10,6,11
28,1,Travel Rarely,1475,Sales,13,2,84,Sales Executive,2,0,2,2
47,0,Non-Travel,1169,Research & Development,14,4,64,Research Scientist,8,7,1,7
56,0,Travel Rarely,1443,Sales,11,5,89,Sales Executive,0,0,0,0
39,0,Travel Rarely,867,Research & Development,9,2,87,Manufacturing Director,10,0,7,9
38,0,Travel Frequently,1394,Research & Development,8,3,58,Research Scientist,20,11,0,7
58,0,Travel Rarely,605,Sales,21,3,72,Manager,1,0,0,0
32,1,Travel Frequently,238,Research & Development,5,2,47,Research Scientist,4,1,0,3
38,0,Travel Rarely,1206,Research & Development,9,2,71,Research Scientist,5,2,0,3
49,0,Travel Frequently,1064,Research & Development,2,1,42,Research Director,5,4,4,3
42,0,Travel Rarely,419,Sales,12,4,77,Sales Executive,0,0,0,0
27,1,Travel Frequently,1337,Human Resources,22,3,58,Human Resources,1,0,0,0
35,0,Travel Rarely,682,Sales,18,4,71,Sales Executive,5,3,0,4
28,0,Non-Travel,1103,Research & Development,16,3,49,Research Scientist,5,3,1,4
31,0,Non-Travel,976,Research & Development,3,2,48,Research Scientist,4,2,2,3
36,0,Non-Travel,1351,Research & Development,9,4,66,Laboratory Technician,5,4,0,2
34,0,Travel Rarely,937,Sales,1,3,32,Sales Executive,14,8,2,1
34,0,Travel Rarely,1239,Sales,13,4,39,Sales Executive,8,7,1,1
26,0,Travel Rarely,157,Research & Development,1,3,95,Laboratory Technician,7,7,7,6
29,0,Travel Rarely,136,Research & Development,1,3,89,Healthcare Representative,5,3,0,2
32,0,Non-Travel,1146,Research & Development,15,4,34,Healthcare Representative,5,1,1,2
31,0,Travel Frequently,1125,Research & Development,1,3,48,Research Scientist,10,8,8,7
28,1,Travel Rarely,1404,Research & Development,17,3,32,Laboratory Technician,4,1,0,3
38,0,Travel Rarely,1404,Sales,1,3,59,Sales Representative,1,0,0,0
35,0,Travel Rarely,1224,Sales,7,4,55,Sales Executive,10,8,0,9
27,0,Travel Rarely,954,Sales,9,3,44,Sales Executive,7,7,0,7
32,0,Travel Rarely,1373,Research & Development,5,4,56,Manufacturing Director,1,0,0,0
31,1,Travel Frequently,754,Sales,26,4,63,Sales Executive,10,7,0,8
53,1,Travel Rarely,1168,Sales,24,4,66,Sales Executive,2,2,2,2
54,0,Travel Rarely,155,Research & Development,9,2,67,Research Scientist,4,3,2,3
33,0,Travel Frequently,1303,Research & Development,7,2,36,Healthcare Representative,9,7,2,8
43,0,Travel Rarely,574,Research & Development,11,3,30,Healthcare Representative,10,9,0,9
38,0,Travel Frequently,1444,Human Resources,1,4,88,Human Resources,6,2,1,2
55,0,Travel Rarely,189,Human Resources,26,4,71,Manager,10,9,1,4
31,0,Travel Rarely,1276,Research & Development,2,1,59,Laboratory Technician,1,0,0,0
39,0,Travel Rarely,119,Sales,15,4,77,Sales Executive,20,8,11,10
42,0,Non-Travel,335,Research & Development,23,2,37,Research Scientist,20,9,3,7
31,0,Non-Travel,697,Research & Development,10,3,40,Research Director,11,7,4,8
54,0,Travel Rarely,157,Research & Development,10,3,77,Manufacturing Director,5,2,1,4
24,0,Travel Rarely,771,Research & Development,1,2,45,Healthcare Representative,4,3,1,2
23,0,Travel Rarely,571,Research & Development,12,2,78,Laboratory Technician,5,2,1,4
40,0,Travel Frequently,692,Research & Development,11,3,73,Laboratory Technician,10,9,9,4
40,0,Travel Rarely,444,Sales,2,2,92,Sales Executive,11,8,5,10
25,0,Travel Rarely,309,Human Resources,2,3,82,Human Resources,2,0,1,2
30,0,Travel Rarely,911,Research & Development,1,2,76,Laboratory Technician,12,8,1,7
25,0,Travel Rarely,977,Research & Development,2,1,57,Laboratory Technician,2,2,0,2
47,0,Travel Rarely,1180,Research & Development,25,3,84,Healthcare Representative,17,14,12,11
33,0,Non-Travel,1313,Research & Development,1,2,59,Laboratory Technician,1,1,0,0
38,0,Travel Rarely,1321,Sales,1,4,86,Sales Executive,15,13,5,8
31,0,Travel Rarely,1154,Sales,2,2,54,Sales Representative,2,2,1,2
38,0,Travel Frequently,508,Research & Development,6,4,72,Manufacturing Director,8,3,7,7
42,0,Travel Rarely,557,Research & Development,18,4,35,Research Scientist,4,3,1,2
41,0,Travel Rarely,642,Research & Development,1,3,76,Research Scientist,5,3,1,0
47,0,Non-Travel,1162,Research & Development,1,1,98,Research Director,13,8,5,12
35,0,Travel Rarely,1490,Research & Development,11,4,43,Laboratory Technician,2,2,2,2
22,0,Travel Rarely,581,Research & Development,1,2,63,Research Scientist,3,2,1,2
35,0,Travel Rarely,1395,Research & Development,9,4,48,Research Scientist,10,7,0,8
33,0,Travel Rarely,501,Research & Development,15,2,95,Healthcare Representative,9,7,8,1
32,0,Travel Rarely,267,Research & Development,29,4,49,Laboratory Technician,6,2,4,1
40,0,Travel Rarely,543,Research & Development,1,4,83,Laboratory Technician,1,0,0,0
32,0,Travel Rarely,234,Sales,1,4,68,Sales Representative,2,2,2,2
39,0,Travel Rarely,116,Research & Development,24,1,52,Research Scientist,7,7,1,7
38,0,Travel Rarely,201,Research & Development,10,3,99,Research Director,18,16,1,11
32,0,Travel Rarely,801,Sales,1,4,48,Sales Executive,14,10,5,7
37,0,Travel Rarely,161,Research & Development,10,3,42,Research Director,16,11,6,8
25,0,Travel Rarely,1382,Sales,8,2,85,Sales Executive,5,3,0,4
52,0,Non-Travel,585,Sales,29,4,40,Sales Representative,9,8,0,0
44,0,Travel Rarely,1037,Research & Development,1,3,42,Research Scientist,4,3,1,2
21,0,Travel Rarely,501,Sales,5,1,58,Sales Representative,2,2,1,2
39,0,Non-Travel,105,Research & Development,9,3,87,Manager,6,0,1,3
23,1,Travel Frequently,638,Sales,9,3,33,Sales Representative,1,0,1,0
36,0,Travel Rarely,557,Sales,3,3,94,Sales Executive,9,7,3,4
36,0,Travel Frequently,688,Research & Development,4,2,97,Manufacturing Director,4,2,0,2
56,0,Non-Travel,667,Research & Development,1,4,57,Healthcare Representative,13,12,1,9
29,1,Travel Rarely,1092,Research & Development,1,4,36,Research Scientist,2,2,2,2
42,0,Travel Rarely,300,Research & Development,2,3,56,Manager,22,6,4,14
56,1,Travel Rarely,310,Research & Development,7,2,72,Laboratory Technician,10,9,9,8
41,0,Travel Rarely,582,Research & Development,28,4,60,Manufacturing Director,20,7,0,10
34,0,Travel Rarely,704,Sales,28,3,95,Sales Executive,8,7,1,7
36,0,Non-Travel,301,Sales,15,4,88,Sales Executive,15,12,11,11
41,0,Travel Rarely,930,Sales,3,3,57,Sales Executive,5,4,0,4
32,0,Travel Rarely,529,Research & Development,2,3,78,Research Scientist,4,2,1,2
35,0,Travel Rarely,1146,Human Resources,26,4,31,Human Resources,9,0,1,7
38,0,Travel Rarely,345,Sales,10,2,100,Sales Executive,10,7,1,9
50,1,Travel Frequently,878,Sales,1,4,94,Sales Executive,6,3,0,1
36,0,Travel Rarely,1120,Sales,11,4,100,Sales Executive,6,3,0,0
45,0,Travel Rarely,374,Sales,20,3,50,Sales Executive,5,3,0,1
40,0,Travel Rarely,1322,Research & Development,2,4,52,Research Scientist,2,2,2,2
35,0,Travel Frequently,1199,Research & Development,18,4,80,Healthcare Representative,10,2,0,2
40,0,Travel Rarely,1194,Research & Development,2,4,98,Research Scientist,5,3,0,2
35,0,Travel Rarely,287,Research & Development,1,4,62,Research Scientist,4,3,1,1
29,0,Travel Rarely,1378,Research & Development,13,2,46,Laboratory Technician,4,3,0,3
29,0,Travel Rarely,468,Research & Development,28,4,73,Research Scientist,5,4,0,4
50,1,Travel Rarely,410,Sales,28,3,39,Sales Executive,3,2,2,0
39,0,Travel Rarely,722,Sales,24,1,60,Sales Executive,20,9,9,6
31,0,Non-Travel,325,Research & Development,5,3,74,Manufacturing Director,9,4,1,7
26,0,Travel Rarely,1167,Sales,5,3,30,Sales Representative,4,2,0,0
36,0,Travel Frequently,884,Research & Development,23,2,41,Laboratory Technician,5,2,0,3
39,0,Travel Rarely,613,Research & Development,6,1,42,Healthcare Representative,7,7,1,7
27,0,Travel Rarely,155,Research & Development,4,3,87,Manufacturing Director,6,2,0,3
49,0,Travel Frequently,1023,Sales,2,3,63,Sales Executive,9,6,0,8
34,0,Travel Rarely,628,Research & Development,8,3,82,Laboratory Technician,4,3,1,2
